2025-03-30 21:37:59,368 - core - INFO - Optimized session manager initialized
2025-03-30 21:37:59,474 - asyncio - DEBUG - Using selector: EpollSelector
2025-03-30 21:37:59,475 - aiosqlite - DEBUG - executing <function connect.<locals>.connector at 0x7fdf080c40e0>
2025-03-30 21:37:59,478 - aiosqlite - DEBUG - operation <function connect.<locals>.connector at 0x7fdf080c40e0> completed
2025-03-30 21:37:59,479 - aiosqlite - DEBUG - executing functools.partial(<built-in method execute of sqlite3.Connection object at 0x7fdf0576d990>, 'PRAGMA encoding = "UTF-8";', [])
2025-03-30 21:37:59,479 - aiosqlite - DEBUG - operation functools.partial(<built-in method execute of sqlite3.Connection object at 0x7fdf0576d990>, 'PRAGMA encoding = "UTF-8";', []) completed
2025-03-30 21:37:59,479 - aiosqlite - DEBUG - executing functools.partial(<built-in method execute of sqlite3.Connection object at 0x7fdf0576d990>, '\n            CREATE TABLE IF NOT EXISTS file_renames (\n            id INTEGER PRIMARY KEY AUTOINCREMENT,\n            original_msg_id INTEGER NOT NULL,\n            new_msg_id INTEGER NOT NULL,\n            original_name TEXT NOT NULL,\n            new_name TEXT NOT NULL,\n            user_id INTEGER NOT NULL,\n            chat_id INTEGER NOT NULL,\n            timestamp DATETIME DEFAULT CURRENT_TIMESTAMP,\n            UNIQUE(original_msg_id, chat_id)  -- Composite unique constraint\n            )\n        ', [])
2025-03-30 21:37:59,498 - aiosqlite - DEBUG - operation functools.partial(<built-in method execute of sqlite3.Connection object at 0x7fdf0576d990>, '\n            CREATE TABLE IF NOT EXISTS file_renames (\n            id INTEGER PRIMARY KEY AUTOINCREMENT,\n            original_msg_id INTEGER NOT NULL,\n            new_msg_id INTEGER NOT NULL,\n            original_name TEXT NOT NULL,\n            new_name TEXT NOT NULL,\n            user_id INTEGER NOT NULL,\n            chat_id INTEGER NOT NULL,\n            timestamp DATETIME DEFAULT CURRENT_TIMESTAMP,\n            UNIQUE(original_msg_id, chat_id)  -- Composite unique constraint\n            )\n        ', []) completed
2025-03-30 21:37:59,498 - aiosqlite - DEBUG - executing functools.partial(<built-in method execute of sqlite3.Connection object at 0x7fdf0576d990>, '\n            CREATE TABLE IF NOT EXISTS sessions (\n                user_id TEXT PRIMARY KEY,\n                session TEXT NOT NULL,\n                api_id INTEGER NOT NULL,\n                api_hash TEXT NOT NULL\n            )\n        ', [])
2025-03-30 21:37:59,513 - aiosqlite - DEBUG - operation functools.partial(<built-in method execute of sqlite3.Connection object at 0x7fdf0576d990>, '\n            CREATE TABLE IF NOT EXISTS sessions (\n                user_id TEXT PRIMARY KEY,\n                session TEXT NOT NULL,\n                api_id INTEGER NOT NULL,\n                api_hash TEXT NOT NULL\n            )\n        ', []) completed
2025-03-30 21:37:59,513 - aiosqlite - DEBUG - executing functools.partial(<built-in method execute of sqlite3.Connection object at 0x7fdf0576d990>, '\n            CREATE TABLE IF NOT EXISTS markread_pv (\n                user_id TEXT PRIMARY KEY,\n                enabled BOOLEAN NOT NULL\n            )\n        ', [])
2025-03-30 21:37:59,526 - aiosqlite - DEBUG - operation functools.partial(<built-in method execute of sqlite3.Connection object at 0x7fdf0576d990>, '\n            CREATE TABLE IF NOT EXISTS markread_pv (\n                user_id TEXT PRIMARY KEY,\n                enabled BOOLEAN NOT NULL\n            )\n        ', []) completed
2025-03-30 21:37:59,527 - aiosqlite - DEBUG - executing functools.partial(<built-in method execute of sqlite3.Connection object at 0x7fdf0576d990>, '\n            CREATE TABLE IF NOT EXISTS markread_group (\n                user_id TEXT PRIMARY KEY,\n                enabled BOOLEAN NOT NULL\n            )\n        ', [])
2025-03-30 21:37:59,541 - aiosqlite - DEBUG - operation functools.partial(<built-in method execute of sqlite3.Connection object at 0x7fdf0576d990>, '\n            CREATE TABLE IF NOT EXISTS markread_group (\n                user_id TEXT PRIMARY KEY,\n                enabled BOOLEAN NOT NULL\n            )\n        ', []) completed
2025-03-30 21:37:59,541 - aiosqlite - DEBUG - executing functools.partial(<built-in method execute of sqlite3.Connection object at 0x7fdf0576d990>, '\n            CREATE TABLE IF NOT EXISTS markread_channel (\n                user_id TEXT PRIMARY KEY,\n                enabled BOOLEAN NOT NULL\n            )\n        ', [])
2025-03-30 21:37:59,555 - aiosqlite - DEBUG - operation functools.partial(<built-in method execute of sqlite3.Connection object at 0x7fdf0576d990>, '\n            CREATE TABLE IF NOT EXISTS markread_channel (\n                user_id TEXT PRIMARY KEY,\n                enabled BOOLEAN NOT NULL\n            )\n        ', []) completed
2025-03-30 21:37:59,555 - aiosqlite - DEBUG - executing functools.partial(<built-in method execute of sqlite3.Connection object at 0x7fdf0576d990>, '\n            CREATE TABLE IF NOT EXISTS ban_progress (\n                chat_id TEXT PRIMARY KEY,\n                progress TEXT NOT NULL\n            )\n        ', [])
2025-03-30 21:37:59,569 - aiosqlite - DEBUG - operation functools.partial(<built-in method execute of sqlite3.Connection object at 0x7fdf0576d990>, '\n            CREATE TABLE IF NOT EXISTS ban_progress (\n                chat_id TEXT PRIMARY KEY,\n                progress TEXT NOT NULL\n            )\n        ', []) completed
2025-03-30 21:37:59,569 - aiosqlite - DEBUG - executing functools.partial(<built-in method execute of sqlite3.Connection object at 0x7fdf0576d990>, '\n            CREATE TABLE IF NOT EXISTS user_credentials (\n                user_id TEXT PRIMARY KEY,\n                api_id TEXT NOT NULL,\n                api_hash TEXT NOT NULL\n            )\n        ', [])
2025-03-30 21:37:59,586 - aiosqlite - DEBUG - operation functools.partial(<built-in method execute of sqlite3.Connection object at 0x7fdf0576d990>, '\n            CREATE TABLE IF NOT EXISTS user_credentials (\n                user_id TEXT PRIMARY KEY,\n                api_id TEXT NOT NULL,\n                api_hash TEXT NOT NULL\n            )\n        ', []) completed
2025-03-30 21:37:59,587 - aiosqlite - DEBUG - executing functools.partial(<built-in method execute of sqlite3.Connection object at 0x7fdf0576d990>, '\n            CREATE TABLE IF NOT EXISTS registration_progress (\n                user_id TEXT PRIMARY KEY,\n                step TEXT NOT NULL,\n                api_id TEXT\n            )\n        ', [])
2025-03-30 21:37:59,602 - aiosqlite - DEBUG - operation functools.partial(<built-in method execute of sqlite3.Connection object at 0x7fdf0576d990>, '\n            CREATE TABLE IF NOT EXISTS registration_progress (\n                user_id TEXT PRIMARY KEY,\n                step TEXT NOT NULL,\n                api_id TEXT\n            )\n        ', []) completed
2025-03-30 21:37:59,602 - aiosqlite - DEBUG - executing functools.partial(<built-in method execute of sqlite3.Connection object at 0x7fdf0576d990>, '\n            CREATE TABLE IF NOT EXISTS tos_acceptance (\n                user_id TEXT PRIMARY KEY,\n                accepted BOOLEAN NOT NULL\n            )\n        ', [])
2025-03-30 21:37:59,617 - aiosqlite - DEBUG - operation functools.partial(<built-in method execute of sqlite3.Connection object at 0x7fdf0576d990>, '\n            CREATE TABLE IF NOT EXISTS tos_acceptance (\n                user_id TEXT PRIMARY KEY,\n                accepted BOOLEAN NOT NULL\n            )\n        ', []) completed
2025-03-30 21:37:59,617 - aiosqlite - DEBUG - executing functools.partial(<built-in method execute of sqlite3.Connection object at 0x7fdf0576d990>, "\n            CREATE TABLE IF NOT EXISTS muted_users (\n                owner_id TEXT NOT NULL,  -- Session owner's user ID\n                user_id TEXT NOT NULL,   -- Muted user ID\n                chat_id TEXT NOT NULL,   -- Chat ID where muted\n                PRIMARY KEY (owner_id, user_id, chat_id)\n            )\n        ", [])
2025-03-30 21:37:59,633 - aiosqlite - DEBUG - operation functools.partial(<built-in method execute of sqlite3.Connection object at 0x7fdf0576d990>, "\n            CREATE TABLE IF NOT EXISTS muted_users (\n                owner_id TEXT NOT NULL,  -- Session owner's user ID\n                user_id TEXT NOT NULL,   -- Muted user ID\n                chat_id TEXT NOT NULL,   -- Chat ID where muted\n                PRIMARY KEY (owner_id, user_id, chat_id)\n            )\n        ", []) completed
2025-03-30 21:37:59,633 - aiosqlite - DEBUG - executing functools.partial(<built-in method execute of sqlite3.Connection object at 0x7fdf0576d990>, '\n            CREATE TABLE IF NOT EXISTS dl_usage (\n                owner_id TEXT PRIMARY KEY,\n                last_used INTEGER NOT NULL,\n                daily_count INTEGER NOT NULL\n            )\n        ', [])
2025-03-30 21:37:59,648 - aiosqlite - DEBUG - operation functools.partial(<built-in method execute of sqlite3.Connection object at 0x7fdf0576d990>, '\n            CREATE TABLE IF NOT EXISTS dl_usage (\n                owner_id TEXT PRIMARY KEY,\n                last_used INTEGER NOT NULL,\n                daily_count INTEGER NOT NULL\n            )\n        ', []) completed
2025-03-30 21:37:59,649 - aiosqlite - DEBUG - executing functools.partial(<built-in method execute of sqlite3.Connection object at 0x7fdf0576d990>, '\n            CREATE TABLE IF NOT EXISTS text_format_settings (\n                user_id TEXT PRIMARY KEY,\n                bold BOOLEAN NOT NULL DEFAULT 0,\n                italic BOOLEAN NOT NULL DEFAULT 0,\n                underline BOOLEAN NOT NULL DEFAULT 0,\n                strike BOOLEAN NOT NULL DEFAULT 0,\n                code BOOLEAN NOT NULL DEFAULT 0,\n                pre BOOLEAN NOT NULL DEFAULT 0\n            )\n        ', [])
2025-03-30 21:37:59,664 - aiosqlite - DEBUG - operation functools.partial(<built-in method execute of sqlite3.Connection object at 0x7fdf0576d990>, '\n            CREATE TABLE IF NOT EXISTS text_format_settings (\n                user_id TEXT PRIMARY KEY,\n                bold BOOLEAN NOT NULL DEFAULT 0,\n                italic BOOLEAN NOT NULL DEFAULT 0,\n                underline BOOLEAN NOT NULL DEFAULT 0,\n                strike BOOLEAN NOT NULL DEFAULT 0,\n                code BOOLEAN NOT NULL DEFAULT 0,\n                pre BOOLEAN NOT NULL DEFAULT 0\n            )\n        ', []) completed
2025-03-30 21:37:59,664 - aiosqlite - DEBUG - executing functools.partial(<built-in method execute of sqlite3.Connection object at 0x7fdf0576d990>, "\n            CREATE TABLE IF NOT EXISTS typing_action (\n                user_id TEXT PRIMARY KEY,\n                states TEXT NOT NULL DEFAULT '{}'\n            )\n        ", [])
2025-03-30 21:37:59,679 - aiosqlite - DEBUG - operation functools.partial(<built-in method execute of sqlite3.Connection object at 0x7fdf0576d990>, "\n            CREATE TABLE IF NOT EXISTS typing_action (\n                user_id TEXT PRIMARY KEY,\n                states TEXT NOT NULL DEFAULT '{}'\n            )\n        ", []) completed
2025-03-30 21:37:59,680 - aiosqlite - DEBUG - executing functools.partial(<built-in method execute of sqlite3.Connection object at 0x7fdf0576d990>, '\n            CREATE TABLE IF NOT EXISTS file_registry (\n                msg_id INTEGER PRIMARY KEY,\n                chat_id INTEGER NOT NULL,\n                name TEXT NOT NULL,\n                mime_type TEXT NOT NULL,\n                attributes BLOB NOT NULL,\n                owner_id INTEGER NOT NULL,\n                timestamp INTEGER NOT NULL\n            )\n        ', [])
2025-03-30 21:37:59,694 - aiosqlite - DEBUG - operation functools.partial(<built-in method execute of sqlite3.Connection object at 0x7fdf0576d990>, '\n            CREATE TABLE IF NOT EXISTS file_registry (\n                msg_id INTEGER PRIMARY KEY,\n                chat_id INTEGER NOT NULL,\n                name TEXT NOT NULL,\n                mime_type TEXT NOT NULL,\n                attributes BLOB NOT NULL,\n                owner_id INTEGER NOT NULL,\n                timestamp INTEGER NOT NULL\n            )\n        ', []) completed
2025-03-30 21:37:59,695 - aiosqlite - DEBUG - executing functools.partial(<built-in method execute of sqlite3.Connection object at 0x7fdf0576d990>, '\n            CREATE TABLE IF NOT EXISTS file_audit_log (\n            id INTEGER PRIMARY KEY AUTOINCREMENT,\n            operation TEXT NOT NULL,\n            user_id INTEGER NOT NULL,\n            old_name TEXT NOT NULL,\n            new_name TEXT,\n            timestamp INTEGER NOT NULL\n            )\n        ', [])
2025-03-30 21:37:59,710 - aiosqlite - DEBUG - operation functools.partial(<built-in method execute of sqlite3.Connection object at 0x7fdf0576d990>, '\n            CREATE TABLE IF NOT EXISTS file_audit_log (\n            id INTEGER PRIMARY KEY AUTOINCREMENT,\n            operation TEXT NOT NULL,\n            user_id INTEGER NOT NULL,\n            old_name TEXT NOT NULL,\n            new_name TEXT,\n            timestamp INTEGER NOT NULL\n            )\n        ', []) completed
2025-03-30 21:37:59,710 - aiosqlite - DEBUG - executing functools.partial(<built-in method execute of sqlite3.Connection object at 0x7fdf0576d990>, '\n            CREATE INDEX IF NOT EXISTS idx_file_names \n            ON file_registry(name COLLATE NOCASE)\n        ', [])
2025-03-30 21:37:59,725 - aiosqlite - DEBUG - operation functools.partial(<built-in method execute of sqlite3.Connection object at 0x7fdf0576d990>, '\n            CREATE INDEX IF NOT EXISTS idx_file_names \n            ON file_registry(name COLLATE NOCASE)\n        ', []) completed
2025-03-30 21:37:59,725 - aiosqlite - DEBUG - executing functools.partial(<built-in method execute of sqlite3.Connection object at 0x7fdf0576d990>, '\n            CREATE TABLE IF NOT EXISTS online_mode (\n            user_id TEXT PRIMARY KEY,\n            enabled BOOLEAN NOT NULL DEFAULT 0,\n            last_active INTEGER NOT NULL DEFAULT 0\n            )\n        ', [])
2025-03-30 21:37:59,741 - aiosqlite - DEBUG - operation functools.partial(<built-in method execute of sqlite3.Connection object at 0x7fdf0576d990>, '\n            CREATE TABLE IF NOT EXISTS online_mode (\n            user_id TEXT PRIMARY KEY,\n            enabled BOOLEAN NOT NULL DEFAULT 0,\n            last_active INTEGER NOT NULL DEFAULT 0\n            )\n        ', []) completed
2025-03-30 21:37:59,741 - aiosqlite - DEBUG - executing functools.partial(<built-in method execute of sqlite3.Connection object at 0x7fdf0576d990>, "\n            CREATE TABLE IF NOT EXISTS timebio (\n            user_id TEXT PRIMARY KEY,\n            enabled BOOLEAN NOT NULL DEFAULT 0,\n            bio_text TEXT NOT NULL DEFAULT '{time}'\n            )\n        ", [])
2025-03-30 21:37:59,757 - aiosqlite - DEBUG - operation functools.partial(<built-in method execute of sqlite3.Connection object at 0x7fdf0576d990>, "\n            CREATE TABLE IF NOT EXISTS timebio (\n            user_id TEXT PRIMARY KEY,\n            enabled BOOLEAN NOT NULL DEFAULT 0,\n            bio_text TEXT NOT NULL DEFAULT '{time}'\n            )\n        ", []) completed
2025-03-30 21:37:59,757 - aiosqlite - DEBUG - executing functools.partial(<built-in method execute of sqlite3.Connection object at 0x7fdf0576d990>, "\n            CREATE TABLE IF NOT EXISTS time_pfp (\n            user_id TEXT PRIMARY KEY,\n            enabled BOOLEAN NOT NULL DEFAULT 0,\n            font_size INTEGER NOT NULL DEFAULT 50,\n            font_color TEXT NOT NULL DEFAULT 'white',\n            position TEXT NOT NULL DEFAULT 'bottom_right'\n            )\n        ", [])
2025-03-30 21:37:59,774 - aiosqlite - DEBUG - operation functools.partial(<built-in method execute of sqlite3.Connection object at 0x7fdf0576d990>, "\n            CREATE TABLE IF NOT EXISTS time_pfp (\n            user_id TEXT PRIMARY KEY,\n            enabled BOOLEAN NOT NULL DEFAULT 0,\n            font_size INTEGER NOT NULL DEFAULT 50,\n            font_color TEXT NOT NULL DEFAULT 'white',\n            position TEXT NOT NULL DEFAULT 'bottom_right'\n            )\n        ", []) completed
2025-03-30 21:37:59,775 - aiosqlite - DEBUG - executing functools.partial(<built-in method execute of sqlite3.Connection object at 0x7fdf0576d990>, '\n            CREATE TABLE IF NOT EXISTS pending_sessions (\n            owner_id TEXT NOT NULL,\n            session_hash TEXT NOT NULL,\n            created_timestamp INTEGER NOT NULL,\n            device_model TEXT,\n            PRIMARY KEY (owner_id, session_hash)\n            )\n        ', [])
2025-03-30 21:37:59,789 - aiosqlite - DEBUG - operation functools.partial(<built-in method execute of sqlite3.Connection object at 0x7fdf0576d990>, '\n            CREATE TABLE IF NOT EXISTS pending_sessions (\n            owner_id TEXT NOT NULL,\n            session_hash TEXT NOT NULL,\n            created_timestamp INTEGER NOT NULL,\n            device_model TEXT,\n            PRIMARY KEY (owner_id, session_hash)\n            )\n        ', []) completed
2025-03-30 21:37:59,789 - aiosqlite - DEBUG - executing functools.partial(<built-in method execute of sqlite3.Connection object at 0x7fdf0576d990>, '\n            CREATE INDEX IF NOT EXISTS idx_pending_sessions_timestamp \n            ON pending_sessions(created_timestamp)\n        ', [])
2025-03-30 21:37:59,803 - aiosqlite - DEBUG - operation functools.partial(<built-in method execute of sqlite3.Connection object at 0x7fdf0576d990>, '\n            CREATE INDEX IF NOT EXISTS idx_pending_sessions_timestamp \n            ON pending_sessions(created_timestamp)\n        ', []) completed
2025-03-30 21:37:59,804 - aiosqlite - DEBUG - executing functools.partial(<built-in method execute of sqlite3.Connection object at 0x7fdf0576d990>, '\n            CREATE TABLE IF NOT EXISTS anti_login (\n            user_id TEXT PRIMARY KEY,\n            enabled BOOLEAN NOT NULL DEFAULT 0\n            )\n        ', [])
2025-03-30 21:37:59,817 - aiosqlite - DEBUG - operation functools.partial(<built-in method execute of sqlite3.Connection object at 0x7fdf0576d990>, '\n            CREATE TABLE IF NOT EXISTS anti_login (\n            user_id TEXT PRIMARY KEY,\n            enabled BOOLEAN NOT NULL DEFAULT 0\n            )\n        ', []) completed
2025-03-30 21:37:59,817 - aiosqlite - DEBUG - executing functools.partial(<built-in method execute of sqlite3.Connection object at 0x7fdf0576d990>, '\n            CREATE TABLE IF NOT EXISTS whitelisted_sessions (\n                owner_id TEXT NOT NULL,\n                session_hash TEXT NOT NULL,\n                device_model TEXT NOT NULL,\n                PRIMARY KEY (owner_id, session_hash)\n            )\n        ', [])
2025-03-30 21:37:59,831 - aiosqlite - DEBUG - operation functools.partial(<built-in method execute of sqlite3.Connection object at 0x7fdf0576d990>, '\n            CREATE TABLE IF NOT EXISTS whitelisted_sessions (\n                owner_id TEXT NOT NULL,\n                session_hash TEXT NOT NULL,\n                device_model TEXT NOT NULL,\n                PRIMARY KEY (owner_id, session_hash)\n            )\n        ', []) completed
2025-03-30 21:37:59,831 - aiosqlite - DEBUG - executing functools.partial(<built-in method execute of sqlite3.Connection object at 0x7fdf0576d990>, '\n            CREATE TABLE IF NOT EXISTS registration_progress (\n            user_id TEXT PRIMARY KEY,\n            step TEXT NOT NULL\n            )\n        ', [])
2025-03-30 21:37:59,832 - aiosqlite - DEBUG - operation functools.partial(<built-in method execute of sqlite3.Connection object at 0x7fdf0576d990>, '\n            CREATE TABLE IF NOT EXISTS registration_progress (\n            user_id TEXT PRIMARY KEY,\n            step TEXT NOT NULL\n            )\n        ', []) completed
2025-03-30 21:37:59,833 - aiosqlite - DEBUG - executing functools.partial(<built-in method execute of sqlite3.Connection object at 0x7fdf0576d990>, '\n            CREATE TABLE IF NOT EXISTS report_progress (\n                user_id TEXT PRIMARY KEY,\n                data TEXT,\n                timestamp DATETIME\n            )\n        ', [])
2025-03-30 21:37:59,846 - aiosqlite - DEBUG - operation functools.partial(<built-in method execute of sqlite3.Connection object at 0x7fdf0576d990>, '\n            CREATE TABLE IF NOT EXISTS report_progress (\n                user_id TEXT PRIMARY KEY,\n                data TEXT,\n                timestamp DATETIME\n            )\n        ', []) completed
2025-03-30 21:37:59,847 - aiosqlite - DEBUG - executing functools.partial(<built-in method execute of sqlite3.Connection object at 0x7fdf0576d990>, '\n            CREATE TABLE IF NOT EXISTS bug_reports (\n                id INTEGER PRIMARY KEY AUTOINCREMENT,\n                user_id TEXT,\n                title TEXT,\n                description TEXT,\n                steps_to_reproduce TEXT,\n                environment TEXT,\n                timestamp DATETIME\n            )\n        ', [])
2025-03-30 21:37:59,860 - aiosqlite - DEBUG - operation functools.partial(<built-in method execute of sqlite3.Connection object at 0x7fdf0576d990>, '\n            CREATE TABLE IF NOT EXISTS bug_reports (\n                id INTEGER PRIMARY KEY AUTOINCREMENT,\n                user_id TEXT,\n                title TEXT,\n                description TEXT,\n                steps_to_reproduce TEXT,\n                environment TEXT,\n                timestamp DATETIME\n            )\n        ', []) completed
2025-03-30 21:37:59,861 - aiosqlite - DEBUG - executing functools.partial(<built-in method commit of sqlite3.Connection object at 0x7fdf0576d990>)
2025-03-30 21:37:59,861 - aiosqlite - DEBUG - operation functools.partial(<built-in method commit of sqlite3.Connection object at 0x7fdf0576d990>) completed
2025-03-30 21:37:59,861 - aiosqlite - DEBUG - executing functools.partial(<built-in method close of sqlite3.Connection object at 0x7fdf0576d990>)
2025-03-30 21:37:59,862 - aiosqlite - DEBUG - operation functools.partial(<built-in method close of sqlite3.Connection object at 0x7fdf0576d990>) completed
2025-03-30 21:37:59,862 - telethon.network.mtprotosender - INFO - Connecting to 149.154.167.51:443/TcpFull...
2025-03-30 21:37:59,863 - telethon.network.mtprotosender - DEBUG - Connection attempt 1...
2025-03-30 21:37:59,908 - telethon.network.mtprotosender - DEBUG - Connection success!
2025-03-30 21:37:59,908 - telethon.network.mtprotosender - DEBUG - New auth_key attempt 1...
2025-03-30 21:38:01,331 - telethon.network.mtprotosender - DEBUG - auth_key generation success!
2025-03-30 21:38:01,331 - telethon.network.mtprotosender - DEBUG - Starting send loop
2025-03-30 21:38:01,331 - telethon.network.mtprotosender - DEBUG - Starting receive loop
2025-03-30 21:38:01,332 - telethon.network.mtprotosender - INFO - Connection to 149.154.167.51:443/TcpFull complete!
2025-03-30 21:38:01,332 - telethon.network.mtprotosender - DEBUG - Waiting for messages to send...
2025-03-30 21:38:01,333 - telethon.extensions.messagepacker - DEBUG - Assigned msg_id = 7487689132972682144 to InvokeWithLayerRequest (7fdf056ce660)
2025-03-30 21:38:01,333 - telethon.network.mtprotosender - DEBUG - Encrypting 1 message(s) in 84 bytes for sending
2025-03-30 21:38:01,333 - telethon.network.mtprotosender - DEBUG - Encrypted messages put in a queue to be sent
2025-03-30 21:38:01,333 - telethon.network.mtprotosender - DEBUG - Waiting for messages to send...
2025-03-30 21:38:01,333 - telethon.network.mtprotosender - DEBUG - Receiving items from the network...
2025-03-30 21:38:01,375 - telethon.network.mtprotosender - DEBUG - Handling bad salt for message 7487689132972682144
2025-03-30 21:38:01,375 - telethon.network.mtprotosender - DEBUG - 1 message(s) will be resent
2025-03-30 21:38:01,375 - telethon.network.mtprotosender - DEBUG - Receiving items from the network...
2025-03-30 21:38:01,376 - telethon.extensions.messagepacker - DEBUG - Assigned msg_id = 7487689133146417764 to InvokeWithLayerRequest (7fdf056ce660)
2025-03-30 21:38:01,376 - telethon.network.mtprotosender - DEBUG - Encrypting 1 message(s) in 84 bytes for sending
2025-03-30 21:38:01,376 - telethon.network.mtprotosender - DEBUG - Encrypted messages put in a queue to be sent
2025-03-30 21:38:01,377 - telethon.network.mtprotosender - DEBUG - Waiting for messages to send...
2025-03-30 21:38:01,377 - telethon.extensions.messagepacker - DEBUG - Assigned msg_id = 7487689133150274424 to MsgsAck (7fdf061584d0)
2025-03-30 21:38:01,377 - telethon.network.mtprotosender - DEBUG - Encrypting 1 message(s) in 36 bytes for sending
2025-03-30 21:38:01,378 - telethon.network.mtprotosender - DEBUG - Encrypted messages put in a queue to be sent
2025-03-30 21:38:01,378 - telethon.network.mtprotosender - DEBUG - Waiting for messages to send...
2025-03-30 21:38:01,419 - telethon.network.mtprotosender - DEBUG - Handling container
2025-03-30 21:38:01,420 - telethon.network.mtprotosender - DEBUG - Handling new session created
2025-03-30 21:38:01,420 - telethon.network.mtprotosender - DEBUG - Handling acknowledge for [7487689133146417764]
2025-03-30 21:38:01,420 - telethon.network.mtprotosender - DEBUG - Receiving items from the network...
2025-03-30 21:38:01,432 - telethon.network.mtprotosender - DEBUG - Handling RPC result for message 7487689133146417764
2025-03-30 21:38:01,432 - telethon.network.mtprotosender - DEBUG - Receiving items from the network...
2025-03-30 21:38:01,433 - telethon.extensions.messagepacker - DEBUG - Assigned msg_id = 7487689133374173312 to GetUsersRequest (7fdf056fbe00)
2025-03-30 21:38:01,433 - telethon.network.mtprotosender - DEBUG - Encrypting 1 message(s) in 32 bytes for sending
2025-03-30 21:38:01,433 - telethon.network.mtprotosender - DEBUG - Encrypted messages put in a queue to be sent
2025-03-30 21:38:01,433 - telethon.network.mtprotosender - DEBUG - Waiting for messages to send...
2025-03-30 21:38:01,434 - telethon.extensions.messagepacker - DEBUG - Assigned msg_id = 7487689133377338556 to MsgsAck (7fdf09288980)
2025-03-30 21:38:01,434 - telethon.network.mtprotosender - DEBUG - Encrypting 1 message(s) in 60 bytes for sending
2025-03-30 21:38:01,434 - telethon.network.mtprotosender - DEBUG - Encrypted messages put in a queue to be sent
2025-03-30 21:38:01,434 - telethon.network.mtprotosender - DEBUG - Waiting for messages to send...
2025-03-30 21:38:01,498 - telethon.network.mtprotosender - DEBUG - Handling RPC result for message 7487689133374173312
2025-03-30 21:38:01,498 - telethon.network.mtprotosender - DEBUG - Receiving items from the network...
2025-03-30 21:38:01,499 - telethon.extensions.messagepacker - DEBUG - Assigned msg_id = 7487689133637963440 to MsgsAck (7fdf070f6630)
2025-03-30 21:38:01,499 - telethon.network.mtprotosender - DEBUG - Encrypting 1 message(s) in 36 bytes for sending
2025-03-30 21:38:01,499 - telethon.network.mtprotosender - DEBUG - Encrypted messages put in a queue to be sent
2025-03-30 21:38:01,499 - telethon.network.mtprotosender - DEBUG - Waiting for messages to send...
2025-03-30 21:38:01,500 - telethon.extensions.messagepacker - DEBUG - Assigned msg_id = 7487689133641595032 to MsgsAck (7fdf06951a00)
2025-03-30 21:38:01,500 - telethon.network.mtprotosender - DEBUG - Encrypting 1 message(s) in 36 bytes for sending
2025-03-30 21:38:01,500 - telethon.network.mtprotosender - DEBUG - Encrypted messages put in a queue to be sent
2025-03-30 21:38:01,501 - telethon.network.mtprotosender - DEBUG - Waiting for messages to send...
2025-03-30 21:38:01,501 - telethon.extensions.messagepacker - DEBUG - Assigned msg_id = 7487689133645830300 to GetUsersRequest (7fdf05718fe0)
2025-03-30 21:38:01,501 - telethon.network.mtprotosender - DEBUG - Encrypting 1 message(s) in 32 bytes for sending
2025-03-30 21:38:01,501 - telethon.network.mtprotosender - DEBUG - Encrypted messages put in a queue to be sent
2025-03-30 21:38:01,501 - telethon.network.mtprotosender - DEBUG - Waiting for messages to send...
2025-03-30 21:38:01,583 - telethon.network.mtprotosender - DEBUG - Handling RPC result for message 7487689133645830300
2025-03-30 21:38:01,583 - telethon.network.mtprotosender - DEBUG - Receiving items from the network...
2025-03-30 21:38:01,583 - telethon.extensions.messagepacker - DEBUG - Assigned msg_id = 7487689133976681856 to MsgsAck (7fdf056ce660)
2025-03-30 21:38:01,584 - telethon.network.mtprotosender - DEBUG - Encrypting 1 message(s) in 36 bytes for sending
2025-03-30 21:38:01,584 - telethon.network.mtprotosender - DEBUG - Encrypted messages put in a queue to be sent
2025-03-30 21:38:01,584 - telethon.network.mtprotosender - DEBUG - Waiting for messages to send...
2025-03-30 21:38:01,585 - telethon.extensions.messagepacker - DEBUG - Assigned msg_id = 7487689133981133608 to MsgsAck (7fdf056faa20)
2025-03-30 21:38:01,585 - telethon.network.mtprotosender - DEBUG - Encrypting 1 message(s) in 36 bytes for sending
2025-03-30 21:38:01,585 - telethon.network.mtprotosender - DEBUG - Encrypted messages put in a queue to be sent
2025-03-30 21:38:01,586 - telethon.network.mtprotosender - DEBUG - Waiting for messages to send...
2025-03-30 21:38:01,586 - telethon.extensions.messagepacker - DEBUG - Assigned msg_id = 7487689133987388756 to GetUsersRequest (7fdf057192e0)
2025-03-30 21:38:01,586 - telethon.network.mtprotosender - DEBUG - Encrypting 1 message(s) in 32 bytes for sending
2025-03-30 21:38:01,587 - telethon.network.mtprotosender - DEBUG - Encrypted messages put in a queue to be sent
2025-03-30 21:38:01,587 - telethon.network.mtprotosender - DEBUG - Waiting for messages to send...
2025-03-30 21:38:01,663 - telethon.network.mtprotosender - DEBUG - Handling RPC result for message 7487689133987388756
2025-03-30 21:38:01,663 - telethon.network.mtprotosender - DEBUG - Receiving items from the network...
2025-03-30 21:38:01,663 - telethon.extensions.messagepacker - DEBUG - Assigned msg_id = 7487689134296232372 to MsgsAck (7fdf056ce660)
2025-03-30 21:38:01,664 - telethon.network.mtprotosender - DEBUG - Encrypting 1 message(s) in 36 bytes for sending
2025-03-30 21:38:01,664 - telethon.network.mtprotosender - DEBUG - Encrypted messages put in a queue to be sent
2025-03-30 21:38:01,664 - telethon.network.mtprotosender - DEBUG - Waiting for messages to send...
2025-03-30 21:38:01,665 - telethon.extensions.messagepacker - DEBUG - Assigned msg_id = 7487689134301222948 to MsgsAck (7fdf056fa5d0)
2025-03-30 21:38:01,665 - telethon.network.mtprotosender - DEBUG - Encrypting 1 message(s) in 36 bytes for sending
2025-03-30 21:38:01,665 - telethon.network.mtprotosender - DEBUG - Encrypted messages put in a queue to be sent
2025-03-30 21:38:01,665 - telethon.network.mtprotosender - DEBUG - Waiting for messages to send...
2025-03-30 21:38:01,666 - telethon.extensions.messagepacker - DEBUG - Assigned msg_id = 7487689134305534508 to ImportBotAuthorizationRequest (7fdf056ce660)
2025-03-30 21:38:01,666 - telethon.network.mtprotosender - DEBUG - Encrypting 1 message(s) in 112 bytes for sending
2025-03-30 21:38:01,666 - telethon.network.mtprotosender - DEBUG - Encrypted messages put in a queue to be sent
2025-03-30 21:38:01,666 - telethon.network.mtprotosender - DEBUG - Waiting for messages to send...
2025-03-30 21:38:01,747 - telethon.network.mtprotosender - DEBUG - Handling RPC result for message 7487689134305534508
2025-03-30 21:38:01,748 - telethon.network.mtprotosender - DEBUG - Receiving items from the network...
2025-03-30 21:38:01,748 - telethon.extensions.messagepacker - DEBUG - Assigned msg_id = 7487689134636439472 to MsgsAck (7fdf4cfb7050)
2025-03-30 21:38:01,749 - telethon.network.mtprotosender - DEBUG - Encrypting 1 message(s) in 36 bytes for sending
2025-03-30 21:38:01,749 - telethon.network.mtprotosender - DEBUG - Encrypted messages put in a queue to be sent
2025-03-30 21:38:01,749 - telethon.network.mtprotosender - DEBUG - Waiting for messages to send...
2025-03-30 21:38:01,749 - telethon.extensions.messagepacker - DEBUG - Assigned msg_id = 7487689134639783052 to MsgsAck (7fdf05719160)
2025-03-30 21:38:01,749 - telethon.network.mtprotosender - DEBUG - Encrypting 1 message(s) in 36 bytes for sending
2025-03-30 21:38:01,750 - telethon.client.users - INFO - Phone migrated to 4
2025-03-30 21:38:01,750 - telethon.client.telegrambaseclient - INFO - Reconnecting to new data center 4
2025-03-30 21:38:01,750 - telethon.network.mtprotosender - DEBUG - Encrypted messages put in a queue to be sent
2025-03-30 21:38:01,750 - telethon.network.mtprotosender - DEBUG - Waiting for messages to send...
2025-03-30 21:38:01,751 - telethon.extensions.messagepacker - DEBUG - Assigned msg_id = 7487689134645212320 to GetConfigRequest (7fdf05719250)
2025-03-30 21:38:01,751 - telethon.network.mtprotosender - DEBUG - Encrypting 1 message(s) in 20 bytes for sending
2025-03-30 21:38:01,751 - telethon.network.mtprotosender - DEBUG - Encrypted messages put in a queue to be sent
2025-03-30 21:38:01,751 - telethon.network.mtprotosender - DEBUG - Waiting for messages to send...
2025-03-30 21:38:01,804 - telethon.network.mtprotosender - DEBUG - Handling RPC result for message 7487689134645212320
2025-03-30 21:38:01,805 - telethon.network.mtprotosender - DEBUG - Receiving items from the network...
2025-03-30 21:38:01,805 - telethon.network.mtprotosender - INFO - Disconnecting from 149.154.167.51:443/TcpFull...
2025-03-30 21:38:01,806 - telethon.network.mtprotosender - DEBUG - Closing current connection...
2025-03-30 21:38:01,806 - telethon.network.mtprotosender - DEBUG - Cancelling 0 pending message(s)...
2025-03-30 21:38:01,806 - telethon.network.mtprotosender - INFO - Disconnection from 149.154.167.51:443/TcpFull complete!
2025-03-30 21:38:01,807 - telethon.network.mtprotosender - INFO - Connecting to 149.154.167.91:443/TcpFull...
2025-03-30 21:38:01,807 - telethon.network.mtprotosender - DEBUG - Connection attempt 1...
2025-03-30 21:38:01,845 - telethon.network.mtprotosender - DEBUG - Connection success!
2025-03-30 21:38:01,845 - telethon.network.mtprotosender - DEBUG - New auth_key attempt 1...
2025-03-30 21:38:03,197 - telethon.network.mtprotosender - DEBUG - auth_key generation success!
2025-03-30 21:38:03,198 - telethon.network.mtprotosender - DEBUG - Starting send loop
2025-03-30 21:38:03,198 - telethon.network.mtprotosender - DEBUG - Starting receive loop
2025-03-30 21:38:03,199 - telethon.network.mtprotosender - INFO - Connection to 149.154.167.91:443/TcpFull complete!
2025-03-30 21:38:03,199 - telethon.network.mtprotosender - DEBUG - Waiting for messages to send...
2025-03-30 21:38:03,199 - telethon.extensions.messagepacker - DEBUG - Assigned msg_id = 7487689141030136500 to InvokeWithLayerRequest (7fdf05c680b0)
2025-03-30 21:38:03,200 - telethon.extensions.messagepacker - DEBUG - Assigned msg_id = 7487689141031005296 to MsgsAck (7fdf05719370)
2025-03-30 21:38:03,200 - telethon.network.mtprotosender - DEBUG - Encrypting 2 message(s) in 144 bytes for sending
2025-03-30 21:38:03,200 - telethon.network.mtprotosender - DEBUG - Encrypted messages put in a queue to be sent
2025-03-30 21:38:03,200 - telethon.network.mtprotosender - DEBUG - Waiting for messages to send...
2025-03-30 21:38:03,201 - telethon.network.mtprotosender - DEBUG - Receiving items from the network...
2025-03-30 21:38:03,243 - telethon.network.mtprotosender - DEBUG - Handling bad salt for message 7487689141031962784
2025-03-30 21:38:03,243 - telethon.network.mtprotosender - DEBUG - 1 message(s) will be resent
2025-03-30 21:38:03,244 - telethon.network.mtprotosender - DEBUG - Receiving items from the network...
2025-03-30 21:38:03,244 - telethon.extensions.messagepacker - DEBUG - Assigned msg_id = 7487689141207798392 to InvokeWithLayerRequest (7fdf05c680b0)
2025-03-30 21:38:03,244 - telethon.network.mtprotosender - DEBUG - Encrypting 1 message(s) in 84 bytes for sending
2025-03-30 21:38:03,244 - telethon.network.mtprotosender - DEBUG - Encrypted messages put in a queue to be sent
2025-03-30 21:38:03,244 - telethon.network.mtprotosender - DEBUG - Waiting for messages to send...
2025-03-30 21:38:03,245 - telethon.extensions.messagepacker - DEBUG - Assigned msg_id = 7487689141211213500 to MsgsAck (7fdf092888f0)
2025-03-30 21:38:03,245 - telethon.network.mtprotosender - DEBUG - Encrypting 1 message(s) in 36 bytes for sending
2025-03-30 21:38:03,245 - telethon.network.mtprotosender - DEBUG - Encrypted messages put in a queue to be sent
2025-03-30 21:38:03,245 - telethon.network.mtprotosender - DEBUG - Waiting for messages to send...
2025-03-30 21:38:03,280 - telethon.network.mtprotosender - DEBUG - Handling container
2025-03-30 21:38:03,281 - telethon.network.mtprotosender - DEBUG - Handling new session created
2025-03-30 21:38:03,281 - telethon.network.mtprotosender - DEBUG - Handling acknowledge for [7487689141207798392]
2025-03-30 21:38:03,281 - telethon.network.mtprotosender - DEBUG - Receiving items from the network...
2025-03-30 21:38:03,294 - telethon.network.mtprotosender - DEBUG - Handling RPC result for message 7487689141207798392
2025-03-30 21:38:03,294 - telethon.network.mtprotosender - DEBUG - Receiving items from the network...
2025-03-30 21:38:03,295 - telethon.extensions.messagepacker - DEBUG - Assigned msg_id = 7487689141411321076 to GetUsersRequest (7fdf05719c70)
2025-03-30 21:38:03,295 - telethon.network.mtprotosender - DEBUG - Encrypting 1 message(s) in 32 bytes for sending
2025-03-30 21:38:03,295 - telethon.network.mtprotosender - DEBUG - Encrypted messages put in a queue to be sent
2025-03-30 21:38:03,295 - telethon.network.mtprotosender - DEBUG - Waiting for messages to send...
2025-03-30 21:38:03,296 - telethon.extensions.messagepacker - DEBUG - Assigned msg_id = 7487689141415131004 to MsgsAck (7fdf05c680b0)
2025-03-30 21:38:03,296 - telethon.network.mtprotosender - DEBUG - Encrypting 1 message(s) in 60 bytes for sending
2025-03-30 21:38:03,296 - telethon.network.mtprotosender - DEBUG - Encrypted messages put in a queue to be sent
2025-03-30 21:38:03,296 - telethon.network.mtprotosender - DEBUG - Waiting for messages to send...
2025-03-30 21:38:03,351 - telethon.network.mtprotosender - DEBUG - Handling RPC result for message 7487689141411321076
2025-03-30 21:38:03,351 - telethon.network.mtprotosender - DEBUG - Receiving items from the network...
2025-03-30 21:38:03,351 - telethon.extensions.messagepacker - DEBUG - Assigned msg_id = 7487689141637565048 to MsgsAck (7fdf069fc3b0)
2025-03-30 21:38:03,351 - telethon.network.mtprotosender - DEBUG - Encrypting 1 message(s) in 36 bytes for sending
2025-03-30 21:38:03,352 - telethon.network.mtprotosender - DEBUG - Encrypted messages put in a queue to be sent
2025-03-30 21:38:03,352 - telethon.network.mtprotosender - DEBUG - Waiting for messages to send...
2025-03-30 21:38:03,352 - telethon.extensions.messagepacker - DEBUG - Assigned msg_id = 7487689141641046912 to MsgsAck (7fdf05719b20)
2025-03-30 21:38:03,352 - telethon.network.mtprotosender - DEBUG - Encrypting 1 message(s) in 36 bytes for sending
2025-03-30 21:38:03,353 - telethon.network.mtprotosender - DEBUG - Encrypted messages put in a queue to be sent
2025-03-30 21:38:03,353 - telethon.network.mtprotosender - DEBUG - Waiting for messages to send...
2025-03-30 21:38:03,354 - telethon.extensions.messagepacker - DEBUG - Assigned msg_id = 7487689141646891028 to ImportBotAuthorizationRequest (7fdf056ce660)
2025-03-30 21:38:03,354 - telethon.network.mtprotosender - DEBUG - Encrypting 1 message(s) in 112 bytes for sending
2025-03-30 21:38:03,354 - telethon.network.mtprotosender - DEBUG - Encrypted messages put in a queue to be sent
2025-03-30 21:38:03,354 - telethon.network.mtprotosender - DEBUG - Waiting for messages to send...
2025-03-30 21:38:03,715 - telethon.network.mtprotosender - DEBUG - Handling RPC result for message 7487689141646891028
2025-03-30 21:38:03,715 - telethon.network.mtprotosender - DEBUG - Receiving items from the network...
2025-03-30 21:38:03,716 - telethon.extensions.messagepacker - DEBUG - Assigned msg_id = 7487689143094909104 to GetStateRequest (7fdf05719bb0)
2025-03-30 21:38:03,716 - telethon.network.mtprotosender - DEBUG - Encrypting 1 message(s) in 20 bytes for sending
2025-03-30 21:38:03,716 - telethon.network.mtprotosender - DEBUG - Encrypted messages put in a queue to be sent
2025-03-30 21:38:03,716 - telethon.network.mtprotosender - DEBUG - Waiting for messages to send...
2025-03-30 21:38:03,717 - telethon.extensions.messagepacker - DEBUG - Assigned msg_id = 7487689143099582108 to MsgsAck (7fdf05719190)
2025-03-30 21:38:03,717 - telethon.network.mtprotosender - DEBUG - Encrypting 1 message(s) in 36 bytes for sending
2025-03-30 21:38:03,717 - telethon.network.mtprotosender - DEBUG - Encrypted messages put in a queue to be sent
2025-03-30 21:38:03,717 - telethon.network.mtprotosender - DEBUG - Waiting for messages to send...
2025-03-30 21:38:03,778 - telethon.network.mtprotosender - DEBUG - Handling RPC result for message 7487689143094909104
2025-03-30 21:38:03,779 - telethon.network.mtprotosender - DEBUG - Receiving items from the network...
2025-03-30 21:38:03,780 - aiosqlite - DEBUG - executing <function connect.<locals>.connector at 0x7fdf080c5ee0>
2025-03-30 21:38:03,783 - aiosqlite - DEBUG - operation <function connect.<locals>.connector at 0x7fdf080c5ee0> completed
2025-03-30 21:38:03,783 - aiosqlite - DEBUG - executing functools.partial(<built-in method create_function of sqlite3.Connection object at 0x7fdf0576e3e0>, 'regexp', 2, <function SQLiteDialect_pysqlite.on_connect.<locals>.regexp at 0x7fdf4d0d20c0>, deterministic=True)
2025-03-30 21:38:03,784 - aiosqlite - DEBUG - operation functools.partial(<built-in method create_function of sqlite3.Connection object at 0x7fdf0576e3e0>, 'regexp', 2, <function SQLiteDialect_pysqlite.on_connect.<locals>.regexp at 0x7fdf4d0d20c0>, deterministic=True) completed
2025-03-30 21:38:03,784 - aiosqlite - DEBUG - executing functools.partial(<built-in method create_function of sqlite3.Connection object at 0x7fdf0576e3e0>, 'floor', 1, <built-in function floor>, deterministic=True)
2025-03-30 21:38:03,785 - aiosqlite - DEBUG - operation functools.partial(<built-in method create_function of sqlite3.Connection object at 0x7fdf0576e3e0>, 'floor', 1, <built-in function floor>, deterministic=True) completed
2025-03-30 21:38:03,785 - aiosqlite - DEBUG - executing functools.partial(<built-in method cursor of sqlite3.Connection object at 0x7fdf0576e3e0>)
2025-03-30 21:38:03,785 - aiosqlite - DEBUG - operation functools.partial(<built-in method cursor of sqlite3.Connection object at 0x7fdf0576e3e0>) completed
2025-03-30 21:38:03,786 - aiosqlite - DEBUG - executing functools.partial(<built-in method execute of sqlite3.Cursor object at 0x7fdf0577f9c0>, 'PRAGMA read_uncommitted', [])
2025-03-30 21:38:03,786 - aiosqlite - DEBUG - operation functools.partial(<built-in method execute of sqlite3.Cursor object at 0x7fdf0577f9c0>, 'PRAGMA read_uncommitted', []) completed
2025-03-30 21:38:03,786 - aiosqlite - DEBUG - executing functools.partial(<built-in method fetchall of sqlite3.Cursor object at 0x7fdf0577f9c0>)
2025-03-30 21:38:03,787 - aiosqlite - DEBUG - operation functools.partial(<built-in method fetchall of sqlite3.Cursor object at 0x7fdf0577f9c0>) completed
2025-03-30 21:38:03,787 - aiosqlite - DEBUG - executing functools.partial(<built-in method close of sqlite3.Cursor object at 0x7fdf0577f9c0>)
2025-03-30 21:38:03,787 - aiosqlite - DEBUG - operation functools.partial(<built-in method close of sqlite3.Cursor object at 0x7fdf0577f9c0>) completed
2025-03-30 21:38:03,787 - aiosqlite - DEBUG - executing functools.partial(<built-in method rollback of sqlite3.Connection object at 0x7fdf0576e3e0>)
2025-03-30 21:38:03,788 - aiosqlite - DEBUG - operation functools.partial(<built-in method rollback of sqlite3.Connection object at 0x7fdf0576e3e0>) completed
2025-03-30 21:38:03,789 - aiosqlite - DEBUG - executing functools.partial(<built-in method cursor of sqlite3.Connection object at 0x7fdf0576e3e0>)
2025-03-30 21:38:03,789 - aiosqlite - DEBUG - operation functools.partial(<built-in method cursor of sqlite3.Connection object at 0x7fdf0576e3e0>) completed
2025-03-30 21:38:03,789 - aiosqlite - DEBUG - executing functools.partial(<built-in method execute of sqlite3.Cursor object at 0x7fdf0577f8c0>, '\n                SELECT user_id, session, api_id, api_hash \n                FROM sessions\n            ', ())
2025-03-30 21:38:03,792 - aiosqlite - DEBUG - operation functools.partial(<built-in method execute of sqlite3.Cursor object at 0x7fdf0577f8c0>, '\n                SELECT user_id, session, api_id, api_hash \n                FROM sessions\n            ', ()) completed
2025-03-30 21:38:03,792 - aiosqlite - DEBUG - executing functools.partial(<built-in method fetchall of sqlite3.Cursor object at 0x7fdf0577f8c0>)
2025-03-30 21:38:03,793 - aiosqlite - DEBUG - operation functools.partial(<built-in method fetchall of sqlite3.Cursor object at 0x7fdf0577f8c0>) completed
2025-03-30 21:38:03,793 - aiosqlite - DEBUG - executing functools.partial(<built-in method close of sqlite3.Cursor object at 0x7fdf0577f8c0>)
2025-03-30 21:38:03,793 - aiosqlite - DEBUG - operation functools.partial(<built-in method close of sqlite3.Cursor object at 0x7fdf0577f8c0>) completed
2025-03-30 21:38:03,794 - aiosqlite - DEBUG - executing functools.partial(<built-in method rollback of sqlite3.Connection object at 0x7fdf0576e3e0>)
2025-03-30 21:38:03,794 - aiosqlite - DEBUG - operation functools.partial(<built-in method rollback of sqlite3.Connection object at 0x7fdf0576e3e0>) completed
2025-03-30 21:38:03,794 - aiosqlite - DEBUG - executing functools.partial(<built-in method rollback of sqlite3.Connection object at 0x7fdf0576e3e0>)
2025-03-30 21:38:03,795 - aiosqlite - DEBUG - operation functools.partial(<built-in method rollback of sqlite3.Connection object at 0x7fdf0576e3e0>) completed
2025-03-30 21:38:03,795 - aiosqlite - DEBUG - executing functools.partial(<built-in method close of sqlite3.Connection object at 0x7fdf0576e3e0>)
2025-03-30 21:38:03,796 - aiosqlite - DEBUG - operation functools.partial(<built-in method close of sqlite3.Connection object at 0x7fdf0576e3e0>) completed
2025-03-30 21:38:03,796 - __main__ - INFO - Bot is running...
2025-03-30 21:38:03,827 - telethon.extensions.messagepacker - DEBUG - Assigned msg_id = 7487689143539911660 to GetStateRequest (7fdf08091730)
2025-03-30 21:38:03,827 - telethon.network.mtprotosender - DEBUG - Encrypting 1 message(s) in 20 bytes for sending
2025-03-30 21:38:03,828 - telethon.network.mtprotosender - DEBUG - Encrypted messages put in a queue to be sent
2025-03-30 21:38:03,828 - telethon.network.mtprotosender - DEBUG - Waiting for messages to send...
2025-03-30 21:38:03,828 - telethon.extensions.messagepacker - DEBUG - Assigned msg_id = 7487689143545004280 to MsgsAck (7fdf056fbda0)
2025-03-30 21:38:03,828 - telethon.network.mtprotosender - DEBUG - Encrypting 1 message(s) in 36 bytes for sending
2025-03-30 21:38:03,829 - telethon.network.mtprotosender - DEBUG - Encrypted messages put in a queue to be sent
2025-03-30 21:38:03,829 - telethon.network.mtprotosender - DEBUG - Waiting for messages to send...
2025-03-30 21:38:03,876 - telethon.network.mtprotosender - DEBUG - Handling RPC result for message 7487689143539911660
2025-03-30 21:38:03,876 - telethon.network.mtprotosender - DEBUG - Receiving items from the network...
2025-03-30 21:38:34,877 - core - INFO - Optimized session manager initialized
2025-03-30 21:38:34,993 - asyncio - DEBUG - Using selector: EpollSelector
2025-03-30 21:38:34,994 - aiosqlite - DEBUG - executing <function connect.<locals>.connector at 0x7f24456ee200>
2025-03-30 21:38:34,997 - aiosqlite - DEBUG - operation <function connect.<locals>.connector at 0x7f24456ee200> completed
2025-03-30 21:38:34,997 - aiosqlite - DEBUG - executing functools.partial(<built-in method execute of sqlite3.Connection object at 0x7f24456e5210>, 'PRAGMA encoding = "UTF-8";', [])
2025-03-30 21:38:34,997 - aiosqlite - DEBUG - operation functools.partial(<built-in method execute of sqlite3.Connection object at 0x7f24456e5210>, 'PRAGMA encoding = "UTF-8";', []) completed
2025-03-30 21:38:34,998 - aiosqlite - DEBUG - executing functools.partial(<built-in method execute of sqlite3.Connection object at 0x7f24456e5210>, '\n            CREATE TABLE IF NOT EXISTS file_renames (\n            id INTEGER PRIMARY KEY AUTOINCREMENT,\n            original_msg_id INTEGER NOT NULL,\n            new_msg_id INTEGER NOT NULL,\n            original_name TEXT NOT NULL,\n            new_name TEXT NOT NULL,\n            user_id INTEGER NOT NULL,\n            chat_id INTEGER NOT NULL,\n            timestamp DATETIME DEFAULT CURRENT_TIMESTAMP,\n            UNIQUE(original_msg_id, chat_id)  -- Composite unique constraint\n            )\n        ', [])
2025-03-30 21:38:35,015 - aiosqlite - DEBUG - operation functools.partial(<built-in method execute of sqlite3.Connection object at 0x7f24456e5210>, '\n            CREATE TABLE IF NOT EXISTS file_renames (\n            id INTEGER PRIMARY KEY AUTOINCREMENT,\n            original_msg_id INTEGER NOT NULL,\n            new_msg_id INTEGER NOT NULL,\n            original_name TEXT NOT NULL,\n            new_name TEXT NOT NULL,\n            user_id INTEGER NOT NULL,\n            chat_id INTEGER NOT NULL,\n            timestamp DATETIME DEFAULT CURRENT_TIMESTAMP,\n            UNIQUE(original_msg_id, chat_id)  -- Composite unique constraint\n            )\n        ', []) completed
2025-03-30 21:38:35,016 - aiosqlite - DEBUG - executing functools.partial(<built-in method execute of sqlite3.Connection object at 0x7f24456e5210>, '\n            CREATE TABLE IF NOT EXISTS sessions (\n                user_id TEXT PRIMARY KEY,\n                session TEXT NOT NULL,\n                api_id INTEGER NOT NULL,\n                api_hash TEXT NOT NULL\n            )\n        ', [])
2025-03-30 21:38:35,029 - aiosqlite - DEBUG - operation functools.partial(<built-in method execute of sqlite3.Connection object at 0x7f24456e5210>, '\n            CREATE TABLE IF NOT EXISTS sessions (\n                user_id TEXT PRIMARY KEY,\n                session TEXT NOT NULL,\n                api_id INTEGER NOT NULL,\n                api_hash TEXT NOT NULL\n            )\n        ', []) completed
2025-03-30 21:38:35,029 - aiosqlite - DEBUG - executing functools.partial(<built-in method execute of sqlite3.Connection object at 0x7f24456e5210>, '\n            CREATE TABLE IF NOT EXISTS markread_pv (\n                user_id TEXT PRIMARY KEY,\n                enabled BOOLEAN NOT NULL\n            )\n        ', [])
2025-03-30 21:38:35,043 - aiosqlite - DEBUG - operation functools.partial(<built-in method execute of sqlite3.Connection object at 0x7f24456e5210>, '\n            CREATE TABLE IF NOT EXISTS markread_pv (\n                user_id TEXT PRIMARY KEY,\n                enabled BOOLEAN NOT NULL\n            )\n        ', []) completed
2025-03-30 21:38:35,043 - aiosqlite - DEBUG - executing functools.partial(<built-in method execute of sqlite3.Connection object at 0x7f24456e5210>, '\n            CREATE TABLE IF NOT EXISTS markread_group (\n                user_id TEXT PRIMARY KEY,\n                enabled BOOLEAN NOT NULL\n            )\n        ', [])
2025-03-30 21:38:35,056 - aiosqlite - DEBUG - operation functools.partial(<built-in method execute of sqlite3.Connection object at 0x7f24456e5210>, '\n            CREATE TABLE IF NOT EXISTS markread_group (\n                user_id TEXT PRIMARY KEY,\n                enabled BOOLEAN NOT NULL\n            )\n        ', []) completed
2025-03-30 21:38:35,056 - aiosqlite - DEBUG - executing functools.partial(<built-in method execute of sqlite3.Connection object at 0x7f24456e5210>, '\n            CREATE TABLE IF NOT EXISTS markread_channel (\n                user_id TEXT PRIMARY KEY,\n                enabled BOOLEAN NOT NULL\n            )\n        ', [])
2025-03-30 21:38:35,069 - aiosqlite - DEBUG - operation functools.partial(<built-in method execute of sqlite3.Connection object at 0x7f24456e5210>, '\n            CREATE TABLE IF NOT EXISTS markread_channel (\n                user_id TEXT PRIMARY KEY,\n                enabled BOOLEAN NOT NULL\n            )\n        ', []) completed
2025-03-30 21:38:35,070 - aiosqlite - DEBUG - executing functools.partial(<built-in method execute of sqlite3.Connection object at 0x7f24456e5210>, '\n            CREATE TABLE IF NOT EXISTS ban_progress (\n                chat_id TEXT PRIMARY KEY,\n                progress TEXT NOT NULL\n            )\n        ', [])
2025-03-30 21:38:35,084 - aiosqlite - DEBUG - operation functools.partial(<built-in method execute of sqlite3.Connection object at 0x7f24456e5210>, '\n            CREATE TABLE IF NOT EXISTS ban_progress (\n                chat_id TEXT PRIMARY KEY,\n                progress TEXT NOT NULL\n            )\n        ', []) completed
2025-03-30 21:38:35,084 - aiosqlite - DEBUG - executing functools.partial(<built-in method execute of sqlite3.Connection object at 0x7f24456e5210>, '\n            CREATE TABLE IF NOT EXISTS user_credentials (\n                user_id TEXT PRIMARY KEY,\n                api_id TEXT NOT NULL,\n                api_hash TEXT NOT NULL\n            )\n        ', [])
2025-03-30 21:38:35,097 - aiosqlite - DEBUG - operation functools.partial(<built-in method execute of sqlite3.Connection object at 0x7f24456e5210>, '\n            CREATE TABLE IF NOT EXISTS user_credentials (\n                user_id TEXT PRIMARY KEY,\n                api_id TEXT NOT NULL,\n                api_hash TEXT NOT NULL\n            )\n        ', []) completed
2025-03-30 21:38:35,097 - aiosqlite - DEBUG - executing functools.partial(<built-in method execute of sqlite3.Connection object at 0x7f24456e5210>, '\n            CREATE TABLE IF NOT EXISTS registration_progress (\n                user_id TEXT PRIMARY KEY,\n                step TEXT NOT NULL,\n                api_id TEXT\n            )\n        ', [])
2025-03-30 21:38:35,111 - aiosqlite - DEBUG - operation functools.partial(<built-in method execute of sqlite3.Connection object at 0x7f24456e5210>, '\n            CREATE TABLE IF NOT EXISTS registration_progress (\n                user_id TEXT PRIMARY KEY,\n                step TEXT NOT NULL,\n                api_id TEXT\n            )\n        ', []) completed
2025-03-30 21:38:35,112 - aiosqlite - DEBUG - executing functools.partial(<built-in method execute of sqlite3.Connection object at 0x7f24456e5210>, '\n            CREATE TABLE IF NOT EXISTS tos_acceptance (\n                user_id TEXT PRIMARY KEY,\n                accepted BOOLEAN NOT NULL\n            )\n        ', [])
2025-03-30 21:38:35,125 - aiosqlite - DEBUG - operation functools.partial(<built-in method execute of sqlite3.Connection object at 0x7f24456e5210>, '\n            CREATE TABLE IF NOT EXISTS tos_acceptance (\n                user_id TEXT PRIMARY KEY,\n                accepted BOOLEAN NOT NULL\n            )\n        ', []) completed
2025-03-30 21:38:35,126 - aiosqlite - DEBUG - executing functools.partial(<built-in method execute of sqlite3.Connection object at 0x7f24456e5210>, "\n            CREATE TABLE IF NOT EXISTS muted_users (\n                owner_id TEXT NOT NULL,  -- Session owner's user ID\n                user_id TEXT NOT NULL,   -- Muted user ID\n                chat_id TEXT NOT NULL,   -- Chat ID where muted\n                PRIMARY KEY (owner_id, user_id, chat_id)\n            )\n        ", [])
2025-03-30 21:38:35,139 - aiosqlite - DEBUG - operation functools.partial(<built-in method execute of sqlite3.Connection object at 0x7f24456e5210>, "\n            CREATE TABLE IF NOT EXISTS muted_users (\n                owner_id TEXT NOT NULL,  -- Session owner's user ID\n                user_id TEXT NOT NULL,   -- Muted user ID\n                chat_id TEXT NOT NULL,   -- Chat ID where muted\n                PRIMARY KEY (owner_id, user_id, chat_id)\n            )\n        ", []) completed
2025-03-30 21:38:35,140 - aiosqlite - DEBUG - executing functools.partial(<built-in method execute of sqlite3.Connection object at 0x7f24456e5210>, '\n            CREATE TABLE IF NOT EXISTS dl_usage (\n                owner_id TEXT PRIMARY KEY,\n                last_used INTEGER NOT NULL,\n                daily_count INTEGER NOT NULL\n            )\n        ', [])
2025-03-30 21:38:35,155 - aiosqlite - DEBUG - operation functools.partial(<built-in method execute of sqlite3.Connection object at 0x7f24456e5210>, '\n            CREATE TABLE IF NOT EXISTS dl_usage (\n                owner_id TEXT PRIMARY KEY,\n                last_used INTEGER NOT NULL,\n                daily_count INTEGER NOT NULL\n            )\n        ', []) completed
2025-03-30 21:38:35,155 - aiosqlite - DEBUG - executing functools.partial(<built-in method execute of sqlite3.Connection object at 0x7f24456e5210>, '\n            CREATE TABLE IF NOT EXISTS text_format_settings (\n                user_id TEXT PRIMARY KEY,\n                bold BOOLEAN NOT NULL DEFAULT 0,\n                italic BOOLEAN NOT NULL DEFAULT 0,\n                underline BOOLEAN NOT NULL DEFAULT 0,\n                strike BOOLEAN NOT NULL DEFAULT 0,\n                code BOOLEAN NOT NULL DEFAULT 0,\n                pre BOOLEAN NOT NULL DEFAULT 0\n            )\n        ', [])
2025-03-30 21:38:35,170 - aiosqlite - DEBUG - operation functools.partial(<built-in method execute of sqlite3.Connection object at 0x7f24456e5210>, '\n            CREATE TABLE IF NOT EXISTS text_format_settings (\n                user_id TEXT PRIMARY KEY,\n                bold BOOLEAN NOT NULL DEFAULT 0,\n                italic BOOLEAN NOT NULL DEFAULT 0,\n                underline BOOLEAN NOT NULL DEFAULT 0,\n                strike BOOLEAN NOT NULL DEFAULT 0,\n                code BOOLEAN NOT NULL DEFAULT 0,\n                pre BOOLEAN NOT NULL DEFAULT 0\n            )\n        ', []) completed
2025-03-30 21:38:35,170 - aiosqlite - DEBUG - executing functools.partial(<built-in method execute of sqlite3.Connection object at 0x7f24456e5210>, "\n            CREATE TABLE IF NOT EXISTS typing_action (\n                user_id TEXT PRIMARY KEY,\n                states TEXT NOT NULL DEFAULT '{}'\n            )\n        ", [])
2025-03-30 21:38:35,184 - aiosqlite - DEBUG - operation functools.partial(<built-in method execute of sqlite3.Connection object at 0x7f24456e5210>, "\n            CREATE TABLE IF NOT EXISTS typing_action (\n                user_id TEXT PRIMARY KEY,\n                states TEXT NOT NULL DEFAULT '{}'\n            )\n        ", []) completed
2025-03-30 21:38:35,184 - aiosqlite - DEBUG - executing functools.partial(<built-in method execute of sqlite3.Connection object at 0x7f24456e5210>, '\n            CREATE TABLE IF NOT EXISTS file_registry (\n                msg_id INTEGER PRIMARY KEY,\n                chat_id INTEGER NOT NULL,\n                name TEXT NOT NULL,\n                mime_type TEXT NOT NULL,\n                attributes BLOB NOT NULL,\n                owner_id INTEGER NOT NULL,\n                timestamp INTEGER NOT NULL\n            )\n        ', [])
2025-03-30 21:38:35,198 - aiosqlite - DEBUG - operation functools.partial(<built-in method execute of sqlite3.Connection object at 0x7f24456e5210>, '\n            CREATE TABLE IF NOT EXISTS file_registry (\n                msg_id INTEGER PRIMARY KEY,\n                chat_id INTEGER NOT NULL,\n                name TEXT NOT NULL,\n                mime_type TEXT NOT NULL,\n                attributes BLOB NOT NULL,\n                owner_id INTEGER NOT NULL,\n                timestamp INTEGER NOT NULL\n            )\n        ', []) completed
2025-03-30 21:38:35,199 - aiosqlite - DEBUG - executing functools.partial(<built-in method execute of sqlite3.Connection object at 0x7f24456e5210>, '\n            CREATE TABLE IF NOT EXISTS file_audit_log (\n            id INTEGER PRIMARY KEY AUTOINCREMENT,\n            operation TEXT NOT NULL,\n            user_id INTEGER NOT NULL,\n            old_name TEXT NOT NULL,\n            new_name TEXT,\n            timestamp INTEGER NOT NULL\n            )\n        ', [])
2025-03-30 21:38:35,213 - aiosqlite - DEBUG - operation functools.partial(<built-in method execute of sqlite3.Connection object at 0x7f24456e5210>, '\n            CREATE TABLE IF NOT EXISTS file_audit_log (\n            id INTEGER PRIMARY KEY AUTOINCREMENT,\n            operation TEXT NOT NULL,\n            user_id INTEGER NOT NULL,\n            old_name TEXT NOT NULL,\n            new_name TEXT,\n            timestamp INTEGER NOT NULL\n            )\n        ', []) completed
2025-03-30 21:38:35,213 - aiosqlite - DEBUG - executing functools.partial(<built-in method execute of sqlite3.Connection object at 0x7f24456e5210>, '\n            CREATE INDEX IF NOT EXISTS idx_file_names \n            ON file_registry(name COLLATE NOCASE)\n        ', [])
2025-03-30 21:38:35,227 - aiosqlite - DEBUG - operation functools.partial(<built-in method execute of sqlite3.Connection object at 0x7f24456e5210>, '\n            CREATE INDEX IF NOT EXISTS idx_file_names \n            ON file_registry(name COLLATE NOCASE)\n        ', []) completed
2025-03-30 21:38:35,227 - aiosqlite - DEBUG - executing functools.partial(<built-in method execute of sqlite3.Connection object at 0x7f24456e5210>, '\n            CREATE TABLE IF NOT EXISTS online_mode (\n            user_id TEXT PRIMARY KEY,\n            enabled BOOLEAN NOT NULL DEFAULT 0,\n            last_active INTEGER NOT NULL DEFAULT 0\n            )\n        ', [])
2025-03-30 21:38:35,240 - aiosqlite - DEBUG - operation functools.partial(<built-in method execute of sqlite3.Connection object at 0x7f24456e5210>, '\n            CREATE TABLE IF NOT EXISTS online_mode (\n            user_id TEXT PRIMARY KEY,\n            enabled BOOLEAN NOT NULL DEFAULT 0,\n            last_active INTEGER NOT NULL DEFAULT 0\n            )\n        ', []) completed
2025-03-30 21:38:35,241 - aiosqlite - DEBUG - executing functools.partial(<built-in method execute of sqlite3.Connection object at 0x7f24456e5210>, "\n            CREATE TABLE IF NOT EXISTS timebio (\n            user_id TEXT PRIMARY KEY,\n            enabled BOOLEAN NOT NULL DEFAULT 0,\n            bio_text TEXT NOT NULL DEFAULT '{time}'\n            )\n        ", [])
2025-03-30 21:38:35,255 - aiosqlite - DEBUG - operation functools.partial(<built-in method execute of sqlite3.Connection object at 0x7f24456e5210>, "\n            CREATE TABLE IF NOT EXISTS timebio (\n            user_id TEXT PRIMARY KEY,\n            enabled BOOLEAN NOT NULL DEFAULT 0,\n            bio_text TEXT NOT NULL DEFAULT '{time}'\n            )\n        ", []) completed
2025-03-30 21:38:35,255 - aiosqlite - DEBUG - executing functools.partial(<built-in method execute of sqlite3.Connection object at 0x7f24456e5210>, "\n            CREATE TABLE IF NOT EXISTS time_pfp (\n            user_id TEXT PRIMARY KEY,\n            enabled BOOLEAN NOT NULL DEFAULT 0,\n            font_size INTEGER NOT NULL DEFAULT 50,\n            font_color TEXT NOT NULL DEFAULT 'white',\n            position TEXT NOT NULL DEFAULT 'bottom_right'\n            )\n        ", [])
2025-03-30 21:38:35,269 - aiosqlite - DEBUG - operation functools.partial(<built-in method execute of sqlite3.Connection object at 0x7f24456e5210>, "\n            CREATE TABLE IF NOT EXISTS time_pfp (\n            user_id TEXT PRIMARY KEY,\n            enabled BOOLEAN NOT NULL DEFAULT 0,\n            font_size INTEGER NOT NULL DEFAULT 50,\n            font_color TEXT NOT NULL DEFAULT 'white',\n            position TEXT NOT NULL DEFAULT 'bottom_right'\n            )\n        ", []) completed
2025-03-30 21:38:35,270 - aiosqlite - DEBUG - executing functools.partial(<built-in method execute of sqlite3.Connection object at 0x7f24456e5210>, '\n            CREATE TABLE IF NOT EXISTS pending_sessions (\n            owner_id TEXT NOT NULL,\n            session_hash TEXT NOT NULL,\n            created_timestamp INTEGER NOT NULL,\n            device_model TEXT,\n            PRIMARY KEY (owner_id, session_hash)\n            )\n        ', [])
2025-03-30 21:38:35,282 - aiosqlite - DEBUG - operation functools.partial(<built-in method execute of sqlite3.Connection object at 0x7f24456e5210>, '\n            CREATE TABLE IF NOT EXISTS pending_sessions (\n            owner_id TEXT NOT NULL,\n            session_hash TEXT NOT NULL,\n            created_timestamp INTEGER NOT NULL,\n            device_model TEXT,\n            PRIMARY KEY (owner_id, session_hash)\n            )\n        ', []) completed
2025-03-30 21:38:35,283 - aiosqlite - DEBUG - executing functools.partial(<built-in method execute of sqlite3.Connection object at 0x7f24456e5210>, '\n            CREATE INDEX IF NOT EXISTS idx_pending_sessions_timestamp \n            ON pending_sessions(created_timestamp)\n        ', [])
2025-03-30 21:38:35,298 - aiosqlite - DEBUG - operation functools.partial(<built-in method execute of sqlite3.Connection object at 0x7f24456e5210>, '\n            CREATE INDEX IF NOT EXISTS idx_pending_sessions_timestamp \n            ON pending_sessions(created_timestamp)\n        ', []) completed
2025-03-30 21:38:35,298 - aiosqlite - DEBUG - executing functools.partial(<built-in method execute of sqlite3.Connection object at 0x7f24456e5210>, '\n            CREATE TABLE IF NOT EXISTS anti_login (\n            user_id TEXT PRIMARY KEY,\n            enabled BOOLEAN NOT NULL DEFAULT 0\n            )\n        ', [])
2025-03-30 21:38:35,312 - aiosqlite - DEBUG - operation functools.partial(<built-in method execute of sqlite3.Connection object at 0x7f24456e5210>, '\n            CREATE TABLE IF NOT EXISTS anti_login (\n            user_id TEXT PRIMARY KEY,\n            enabled BOOLEAN NOT NULL DEFAULT 0\n            )\n        ', []) completed
2025-03-30 21:38:35,313 - aiosqlite - DEBUG - executing functools.partial(<built-in method execute of sqlite3.Connection object at 0x7f24456e5210>, '\n            CREATE TABLE IF NOT EXISTS whitelisted_sessions (\n                owner_id TEXT NOT NULL,\n                session_hash TEXT NOT NULL,\n                device_model TEXT NOT NULL,\n                PRIMARY KEY (owner_id, session_hash)\n            )\n        ', [])
2025-03-30 21:38:35,329 - aiosqlite - DEBUG - operation functools.partial(<built-in method execute of sqlite3.Connection object at 0x7f24456e5210>, '\n            CREATE TABLE IF NOT EXISTS whitelisted_sessions (\n                owner_id TEXT NOT NULL,\n                session_hash TEXT NOT NULL,\n                device_model TEXT NOT NULL,\n                PRIMARY KEY (owner_id, session_hash)\n            )\n        ', []) completed
2025-03-30 21:38:35,329 - aiosqlite - DEBUG - executing functools.partial(<built-in method execute of sqlite3.Connection object at 0x7f24456e5210>, '\n            CREATE TABLE IF NOT EXISTS registration_progress (\n            user_id TEXT PRIMARY KEY,\n            step TEXT NOT NULL\n            )\n        ', [])
2025-03-30 21:38:35,331 - aiosqlite - DEBUG - operation functools.partial(<built-in method execute of sqlite3.Connection object at 0x7f24456e5210>, '\n            CREATE TABLE IF NOT EXISTS registration_progress (\n            user_id TEXT PRIMARY KEY,\n            step TEXT NOT NULL\n            )\n        ', []) completed
2025-03-30 21:38:35,331 - aiosqlite - DEBUG - executing functools.partial(<built-in method execute of sqlite3.Connection object at 0x7f24456e5210>, '\n            CREATE TABLE IF NOT EXISTS report_progress (\n                user_id TEXT PRIMARY KEY,\n                data TEXT,\n                timestamp DATETIME\n            )\n        ', [])
2025-03-30 21:38:35,346 - aiosqlite - DEBUG - operation functools.partial(<built-in method execute of sqlite3.Connection object at 0x7f24456e5210>, '\n            CREATE TABLE IF NOT EXISTS report_progress (\n                user_id TEXT PRIMARY KEY,\n                data TEXT,\n                timestamp DATETIME\n            )\n        ', []) completed
2025-03-30 21:38:35,346 - aiosqlite - DEBUG - executing functools.partial(<built-in method execute of sqlite3.Connection object at 0x7f24456e5210>, '\n            CREATE TABLE IF NOT EXISTS bug_reports (\n                id INTEGER PRIMARY KEY AUTOINCREMENT,\n                user_id TEXT,\n                title TEXT,\n                description TEXT,\n                steps_to_reproduce TEXT,\n                environment TEXT,\n                timestamp DATETIME\n            )\n        ', [])
2025-03-30 21:38:35,361 - aiosqlite - DEBUG - operation functools.partial(<built-in method execute of sqlite3.Connection object at 0x7f24456e5210>, '\n            CREATE TABLE IF NOT EXISTS bug_reports (\n                id INTEGER PRIMARY KEY AUTOINCREMENT,\n                user_id TEXT,\n                title TEXT,\n                description TEXT,\n                steps_to_reproduce TEXT,\n                environment TEXT,\n                timestamp DATETIME\n            )\n        ', []) completed
2025-03-30 21:38:35,361 - aiosqlite - DEBUG - executing functools.partial(<built-in method commit of sqlite3.Connection object at 0x7f24456e5210>)
2025-03-30 21:38:35,361 - aiosqlite - DEBUG - operation functools.partial(<built-in method commit of sqlite3.Connection object at 0x7f24456e5210>) completed
2025-03-30 21:38:35,361 - aiosqlite - DEBUG - executing functools.partial(<built-in method close of sqlite3.Connection object at 0x7f24456e5210>)
2025-03-30 21:38:35,362 - aiosqlite - DEBUG - operation functools.partial(<built-in method close of sqlite3.Connection object at 0x7f24456e5210>) completed
2025-03-30 21:38:35,363 - telethon.network.mtprotosender - INFO - Connecting to 149.154.167.51:443/TcpFull...
2025-03-30 21:38:35,365 - telethon.network.mtprotosender - DEBUG - Connection attempt 1...
2025-03-30 21:38:35,416 - telethon.network.mtprotosender - DEBUG - Connection success!
2025-03-30 21:38:35,417 - telethon.network.mtprotosender - DEBUG - New auth_key attempt 1...
2025-03-30 21:38:36,728 - telethon.network.mtprotosender - DEBUG - auth_key generation success!
2025-03-30 21:38:36,728 - telethon.network.mtprotosender - DEBUG - Starting send loop
2025-03-30 21:38:36,729 - telethon.network.mtprotosender - DEBUG - Starting receive loop
2025-03-30 21:38:36,729 - telethon.network.mtprotosender - INFO - Connection to 149.154.167.51:443/TcpFull complete!
2025-03-30 21:38:36,729 - telethon.network.mtprotosender - DEBUG - Waiting for messages to send...
2025-03-30 21:38:36,729 - telethon.extensions.messagepacker - DEBUG - Assigned msg_id = 7487689284884281264 to InvokeWithLayerRequest (7f24459be240)
2025-03-30 21:38:36,730 - telethon.network.mtprotosender - DEBUG - Encrypting 1 message(s) in 84 bytes for sending
2025-03-30 21:38:36,730 - telethon.network.mtprotosender - DEBUG - Encrypted messages put in a queue to be sent
2025-03-30 21:38:36,730 - telethon.network.mtprotosender - DEBUG - Waiting for messages to send...
2025-03-30 21:38:36,730 - telethon.network.mtprotosender - DEBUG - Receiving items from the network...
2025-03-30 21:38:36,773 - telethon.network.mtprotosender - DEBUG - Handling bad salt for message 7487689284884281264
2025-03-30 21:38:36,774 - telethon.network.mtprotosender - DEBUG - 1 message(s) will be resent
2025-03-30 21:38:36,774 - telethon.network.mtprotosender - DEBUG - Receiving items from the network...
2025-03-30 21:38:36,774 - telethon.extensions.messagepacker - DEBUG - Assigned msg_id = 7487689285062936888 to InvokeWithLayerRequest (7f24459be240)
2025-03-30 21:38:36,774 - telethon.network.mtprotosender - DEBUG - Encrypting 1 message(s) in 84 bytes for sending
2025-03-30 21:38:36,775 - telethon.network.mtprotosender - DEBUG - Encrypted messages put in a queue to be sent
2025-03-30 21:38:36,775 - telethon.network.mtprotosender - DEBUG - Waiting for messages to send...
2025-03-30 21:38:36,775 - telethon.extensions.messagepacker - DEBUG - Assigned msg_id = 7487689285067782508 to MsgsAck (7f24472c2900)
2025-03-30 21:38:36,776 - telethon.network.mtprotosender - DEBUG - Encrypting 1 message(s) in 36 bytes for sending
2025-03-30 21:38:36,776 - telethon.network.mtprotosender - DEBUG - Encrypted messages put in a queue to be sent
2025-03-30 21:38:36,776 - telethon.network.mtprotosender - DEBUG - Waiting for messages to send...
2025-03-30 21:38:36,817 - telethon.network.mtprotosender - DEBUG - Handling container
2025-03-30 21:38:36,818 - telethon.network.mtprotosender - DEBUG - Handling new session created
2025-03-30 21:38:36,818 - telethon.network.mtprotosender - DEBUG - Handling acknowledge for [7487689285062936888]
2025-03-30 21:38:36,819 - telethon.network.mtprotosender - DEBUG - Receiving items from the network...
2025-03-30 21:38:36,829 - telethon.network.mtprotosender - DEBUG - Handling RPC result for message 7487689285062936888
2025-03-30 21:38:36,830 - telethon.network.mtprotosender - DEBUG - Receiving items from the network...
2025-03-30 21:38:36,831 - telethon.extensions.messagepacker - DEBUG - Assigned msg_id = 7487689285289831268 to GetUsersRequest (7f24459fa660)
2025-03-30 21:38:36,831 - telethon.network.mtprotosender - DEBUG - Encrypting 1 message(s) in 32 bytes for sending
2025-03-30 21:38:36,831 - telethon.network.mtprotosender - DEBUG - Encrypted messages put in a queue to be sent
2025-03-30 21:38:36,832 - telethon.network.mtprotosender - DEBUG - Waiting for messages to send...
2025-03-30 21:38:36,832 - telethon.extensions.messagepacker - DEBUG - Assigned msg_id = 7487689285293855772 to MsgsAck (7f24459be240)
2025-03-30 21:38:36,832 - telethon.network.mtprotosender - DEBUG - Encrypting 1 message(s) in 60 bytes for sending
2025-03-30 21:38:36,832 - telethon.network.mtprotosender - DEBUG - Encrypted messages put in a queue to be sent
2025-03-30 21:38:36,833 - telethon.network.mtprotosender - DEBUG - Waiting for messages to send...
2025-03-30 21:38:36,903 - telethon.network.mtprotosender - DEBUG - Handling RPC result for message 7487689285289831268
2025-03-30 21:38:36,903 - telethon.network.mtprotosender - DEBUG - Receiving items from the network...
2025-03-30 21:38:36,904 - telethon.extensions.messagepacker - DEBUG - Assigned msg_id = 7487689285581387628 to MsgsAck (7f2445a32240)
2025-03-30 21:38:36,904 - telethon.network.mtprotosender - DEBUG - Encrypting 1 message(s) in 36 bytes for sending
2025-03-30 21:38:36,904 - telethon.network.mtprotosender - DEBUG - Encrypted messages put in a queue to be sent
2025-03-30 21:38:36,905 - telethon.network.mtprotosender - DEBUG - Waiting for messages to send...
2025-03-30 21:38:36,905 - telethon.extensions.messagepacker - DEBUG - Assigned msg_id = 7487689285586047280 to MsgsAck (7f2445b26f00)
2025-03-30 21:38:36,905 - telethon.network.mtprotosender - DEBUG - Encrypting 1 message(s) in 36 bytes for sending
2025-03-30 21:38:36,906 - telethon.network.mtprotosender - DEBUG - Encrypted messages put in a queue to be sent
2025-03-30 21:38:36,906 - telethon.network.mtprotosender - DEBUG - Waiting for messages to send...
2025-03-30 21:38:36,906 - telethon.extensions.messagepacker - DEBUG - Assigned msg_id = 7487689285590648756 to GetUsersRequest (7f24456f04d0)
2025-03-30 21:38:36,906 - telethon.network.mtprotosender - DEBUG - Encrypting 1 message(s) in 32 bytes for sending
2025-03-30 21:38:36,906 - telethon.network.mtprotosender - DEBUG - Encrypted messages put in a queue to be sent
2025-03-30 21:38:36,907 - telethon.network.mtprotosender - DEBUG - Waiting for messages to send...
2025-03-30 21:38:36,992 - telethon.network.mtprotosender - DEBUG - Handling RPC result for message 7487689285590648756
2025-03-30 21:38:36,992 - telethon.network.mtprotosender - DEBUG - Receiving items from the network...
2025-03-30 21:38:36,992 - telethon.extensions.messagepacker - DEBUG - Assigned msg_id = 7487689285935870276 to MsgsAck (7f24459f96a0)
2025-03-30 21:38:36,993 - telethon.network.mtprotosender - DEBUG - Encrypting 1 message(s) in 36 bytes for sending
2025-03-30 21:38:36,993 - telethon.network.mtprotosender - DEBUG - Encrypted messages put in a queue to be sent
2025-03-30 21:38:36,993 - telethon.network.mtprotosender - DEBUG - Waiting for messages to send...
2025-03-30 21:38:36,993 - telethon.extensions.messagepacker - DEBUG - Assigned msg_id = 7487689285939855684 to MsgsAck (7f244703b620)
2025-03-30 21:38:36,994 - telethon.network.mtprotosender - DEBUG - Encrypting 1 message(s) in 36 bytes for sending
2025-03-30 21:38:36,994 - telethon.network.mtprotosender - DEBUG - Encrypted messages put in a queue to be sent
2025-03-30 21:38:36,994 - telethon.network.mtprotosender - DEBUG - Waiting for messages to send...
2025-03-30 21:38:36,994 - telethon.extensions.messagepacker - DEBUG - Assigned msg_id = 7487689285943827736 to GetUsersRequest (7f24456f0740)
2025-03-30 21:38:36,995 - telethon.network.mtprotosender - DEBUG - Encrypting 1 message(s) in 32 bytes for sending
2025-03-30 21:38:36,995 - telethon.network.mtprotosender - DEBUG - Encrypted messages put in a queue to be sent
2025-03-30 21:38:36,995 - telethon.network.mtprotosender - DEBUG - Waiting for messages to send...
2025-03-30 21:38:37,073 - telethon.network.mtprotosender - DEBUG - Handling RPC result for message 7487689285943827736
2025-03-30 21:38:37,074 - telethon.network.mtprotosender - DEBUG - Receiving items from the network...
2025-03-30 21:38:37,074 - telethon.extensions.messagepacker - DEBUG - Assigned msg_id = 7487689286557480564 to MsgsAck (7f24459f96a0)
2025-03-30 21:38:37,074 - telethon.network.mtprotosender - DEBUG - Encrypting 1 message(s) in 36 bytes for sending
2025-03-30 21:38:37,075 - telethon.network.mtprotosender - DEBUG - Encrypted messages put in a queue to be sent
2025-03-30 21:38:37,075 - telethon.network.mtprotosender - DEBUG - Waiting for messages to send...
2025-03-30 21:38:37,075 - telethon.extensions.messagepacker - DEBUG - Assigned msg_id = 7487689286562132588 to MsgsAck (7f24456f0650)
2025-03-30 21:38:37,075 - telethon.network.mtprotosender - DEBUG - Encrypting 1 message(s) in 36 bytes for sending
2025-03-30 21:38:37,076 - telethon.network.mtprotosender - DEBUG - Encrypted messages put in a queue to be sent
2025-03-30 21:38:37,076 - telethon.network.mtprotosender - DEBUG - Waiting for messages to send...
2025-03-30 21:38:37,076 - telethon.extensions.messagepacker - DEBUG - Assigned msg_id = 7487689286566114176 to ImportBotAuthorizationRequest (7f24459f96a0)
2025-03-30 21:38:37,076 - telethon.network.mtprotosender - DEBUG - Encrypting 1 message(s) in 112 bytes for sending
2025-03-30 21:38:37,077 - telethon.network.mtprotosender - DEBUG - Encrypted messages put in a queue to be sent
2025-03-30 21:38:37,077 - telethon.network.mtprotosender - DEBUG - Waiting for messages to send...
2025-03-30 21:38:37,158 - telethon.network.mtprotosender - DEBUG - Handling RPC result for message 7487689286566114176
2025-03-30 21:38:37,159 - telethon.network.mtprotosender - DEBUG - Receiving items from the network...
2025-03-30 21:38:37,159 - telethon.extensions.messagepacker - DEBUG - Assigned msg_id = 7487689286898083440 to MsgsAck (7f248cfaf170)
2025-03-30 21:38:37,159 - telethon.network.mtprotosender - DEBUG - Encrypting 1 message(s) in 36 bytes for sending
2025-03-30 21:38:37,160 - telethon.network.mtprotosender - DEBUG - Encrypted messages put in a queue to be sent
2025-03-30 21:38:37,160 - telethon.network.mtprotosender - DEBUG - Waiting for messages to send...
2025-03-30 21:38:37,160 - telethon.extensions.messagepacker - DEBUG - Assigned msg_id = 7487689286902213800 to MsgsAck (7f248d097320)
2025-03-30 21:38:37,160 - telethon.network.mtprotosender - DEBUG - Encrypting 1 message(s) in 36 bytes for sending
2025-03-30 21:38:37,161 - telethon.client.users - INFO - Phone migrated to 4
2025-03-30 21:38:37,161 - telethon.client.telegrambaseclient - INFO - Reconnecting to new data center 4
2025-03-30 21:38:37,161 - telethon.network.mtprotosender - DEBUG - Encrypted messages put in a queue to be sent
2025-03-30 21:38:37,162 - telethon.network.mtprotosender - DEBUG - Waiting for messages to send...
2025-03-30 21:38:37,162 - telethon.extensions.messagepacker - DEBUG - Assigned msg_id = 7487689286909077396 to GetConfigRequest (7f24456f0860)
2025-03-30 21:38:37,162 - telethon.network.mtprotosender - DEBUG - Encrypting 1 message(s) in 20 bytes for sending
2025-03-30 21:38:37,163 - telethon.network.mtprotosender - DEBUG - Encrypted messages put in a queue to be sent
2025-03-30 21:38:37,163 - telethon.network.mtprotosender - DEBUG - Waiting for messages to send...
2025-03-30 21:38:37,217 - telethon.network.mtprotosender - DEBUG - Handling RPC result for message 7487689286909077396
2025-03-30 21:38:37,218 - telethon.network.mtprotosender - DEBUG - Receiving items from the network...
2025-03-30 21:38:37,218 - telethon.network.mtprotosender - INFO - Disconnecting from 149.154.167.51:443/TcpFull...
2025-03-30 21:38:37,218 - telethon.network.mtprotosender - DEBUG - Closing current connection...
2025-03-30 21:38:37,219 - telethon.network.mtprotosender - DEBUG - Cancelling 0 pending message(s)...
2025-03-30 21:38:37,219 - telethon.network.mtprotosender - INFO - Disconnection from 149.154.167.51:443/TcpFull complete!
2025-03-30 21:38:37,219 - telethon.network.mtprotosender - INFO - Connecting to 149.154.167.91:443/TcpFull...
2025-03-30 21:38:37,220 - telethon.network.mtprotosender - DEBUG - Connection attempt 1...
2025-03-30 21:38:37,265 - telethon.network.mtprotosender - DEBUG - Connection success!
2025-03-30 21:38:37,266 - telethon.network.mtprotosender - DEBUG - New auth_key attempt 1...
2025-03-30 21:38:38,571 - telethon.network.mtprotosender - DEBUG - auth_key generation success!
2025-03-30 21:38:38,571 - telethon.network.mtprotosender - DEBUG - Starting send loop
2025-03-30 21:38:38,572 - telethon.network.mtprotosender - DEBUG - Starting receive loop
2025-03-30 21:38:38,572 - telethon.network.mtprotosender - INFO - Connection to 149.154.167.91:443/TcpFull complete!
2025-03-30 21:38:38,573 - telethon.network.mtprotosender - DEBUG - Waiting for messages to send...
2025-03-30 21:38:38,573 - telethon.extensions.messagepacker - DEBUG - Assigned msg_id = 7487689297142764084 to InvokeWithLayerRequest (7f2446f8a9c0)
2025-03-30 21:38:38,573 - telethon.extensions.messagepacker - DEBUG - Assigned msg_id = 7487689297143957132 to MsgsAck (7f24456f0890)
2025-03-30 21:38:38,573 - telethon.network.mtprotosender - DEBUG - Encrypting 2 message(s) in 144 bytes for sending
2025-03-30 21:38:38,574 - telethon.network.mtprotosender - DEBUG - Encrypted messages put in a queue to be sent
2025-03-30 21:38:38,574 - telethon.network.mtprotosender - DEBUG - Waiting for messages to send...
2025-03-30 21:38:38,574 - telethon.network.mtprotosender - DEBUG - Receiving items from the network...
2025-03-30 21:38:38,622 - telethon.network.mtprotosender - DEBUG - Handling bad salt for message 7487689297144867892
2025-03-30 21:38:38,622 - telethon.network.mtprotosender - DEBUG - 1 message(s) will be resent
2025-03-30 21:38:38,623 - telethon.network.mtprotosender - DEBUG - Receiving items from the network...
2025-03-30 21:38:38,623 - telethon.extensions.messagepacker - DEBUG - Assigned msg_id = 7487689297342905040 to InvokeWithLayerRequest (7f2446f8a9c0)
2025-03-30 21:38:38,623 - telethon.network.mtprotosender - DEBUG - Encrypting 1 message(s) in 84 bytes for sending
2025-03-30 21:38:38,623 - telethon.network.mtprotosender - DEBUG - Encrypted messages put in a queue to be sent
2025-03-30 21:38:38,624 - telethon.network.mtprotosender - DEBUG - Waiting for messages to send...
2025-03-30 21:38:38,624 - telethon.extensions.messagepacker - DEBUG - Assigned msg_id = 7487689297346396440 to MsgsAck (7f2445b51a30)
2025-03-30 21:38:38,624 - telethon.network.mtprotosender - DEBUG - Encrypting 1 message(s) in 36 bytes for sending
2025-03-30 21:38:38,624 - telethon.network.mtprotosender - DEBUG - Encrypted messages put in a queue to be sent
2025-03-30 21:38:38,624 - telethon.network.mtprotosender - DEBUG - Waiting for messages to send...
2025-03-30 21:38:38,667 - telethon.network.mtprotosender - DEBUG - Handling container
2025-03-30 21:38:38,667 - telethon.network.mtprotosender - DEBUG - Handling new session created
2025-03-30 21:38:38,667 - telethon.network.mtprotosender - DEBUG - Handling acknowledge for [7487689297342905040]
2025-03-30 21:38:38,668 - telethon.network.mtprotosender - DEBUG - Receiving items from the network...
2025-03-30 21:38:38,720 - telethon.network.mtprotosender - DEBUG - Handling RPC result for message 7487689297342905040
2025-03-30 21:38:38,720 - telethon.network.mtprotosender - DEBUG - Receiving items from the network...
2025-03-30 21:38:38,721 - telethon.extensions.messagepacker - DEBUG - Assigned msg_id = 7487689297735235208 to GetUsersRequest (7f24456f0d40)
2025-03-30 21:38:38,721 - telethon.network.mtprotosender - DEBUG - Encrypting 1 message(s) in 32 bytes for sending
2025-03-30 21:38:38,721 - telethon.network.mtprotosender - DEBUG - Encrypted messages put in a queue to be sent
2025-03-30 21:38:38,722 - telethon.network.mtprotosender - DEBUG - Waiting for messages to send...
2025-03-30 21:38:38,722 - telethon.extensions.messagepacker - DEBUG - Assigned msg_id = 7487689297739651676 to MsgsAck (7f2446f8a9c0)
2025-03-30 21:38:38,722 - telethon.network.mtprotosender - DEBUG - Encrypting 1 message(s) in 60 bytes for sending
2025-03-30 21:38:38,723 - telethon.network.mtprotosender - DEBUG - Encrypted messages put in a queue to be sent
2025-03-30 21:38:38,723 - telethon.network.mtprotosender - DEBUG - Waiting for messages to send...
2025-03-30 21:38:38,815 - telethon.network.mtprotosender - DEBUG - Handling RPC result for message 7487689297735235208
2025-03-30 21:38:38,816 - telethon.network.mtprotosender - DEBUG - Receiving items from the network...
2025-03-30 21:38:38,817 - telethon.extensions.messagepacker - DEBUG - Assigned msg_id = 7487689298117460244 to MsgsAck (7f24456f0fe0)
2025-03-30 21:38:38,817 - telethon.network.mtprotosender - DEBUG - Encrypting 1 message(s) in 36 bytes for sending
2025-03-30 21:38:38,817 - telethon.network.mtprotosender - DEBUG - Encrypted messages put in a queue to be sent
2025-03-30 21:38:38,817 - telethon.network.mtprotosender - DEBUG - Waiting for messages to send...
2025-03-30 21:38:38,817 - telethon.extensions.messagepacker - DEBUG - Assigned msg_id = 7487689298121296876 to MsgsAck (7f24456f0e60)
2025-03-30 21:38:38,818 - telethon.network.mtprotosender - DEBUG - Encrypting 1 message(s) in 36 bytes for sending
2025-03-30 21:38:38,818 - telethon.network.mtprotosender - DEBUG - Encrypted messages put in a queue to be sent
2025-03-30 21:38:38,818 - telethon.network.mtprotosender - DEBUG - Waiting for messages to send...
2025-03-30 21:38:38,818 - telethon.extensions.messagepacker - DEBUG - Assigned msg_id = 7487689298125296588 to ImportBotAuthorizationRequest (7f24459f96a0)
2025-03-30 21:38:38,819 - telethon.network.mtprotosender - DEBUG - Encrypting 1 message(s) in 112 bytes for sending
2025-03-30 21:38:38,819 - telethon.network.mtprotosender - DEBUG - Encrypted messages put in a queue to be sent
2025-03-30 21:38:38,819 - telethon.network.mtprotosender - DEBUG - Waiting for messages to send...
2025-03-30 21:38:38,900 - telethon.network.mtprotosender - DEBUG - Handling RPC result for message 7487689298125296588
2025-03-30 21:38:38,901 - telethon.network.mtprotosender - DEBUG - Receiving items from the network...
2025-03-30 21:38:38,902 - telethon.extensions.messagepacker - DEBUG - Assigned msg_id = 7487689298457915300 to GetStateRequest (7f2447233a10)
2025-03-30 21:38:38,902 - telethon.network.mtprotosender - DEBUG - Encrypting 1 message(s) in 20 bytes for sending
2025-03-30 21:38:38,902 - telethon.network.mtprotosender - DEBUG - Encrypted messages put in a queue to be sent
2025-03-30 21:38:38,902 - telethon.network.mtprotosender - DEBUG - Waiting for messages to send...
2025-03-30 21:38:38,903 - telethon.extensions.messagepacker - DEBUG - Assigned msg_id = 7487689298461647028 to MsgsAck (7f24456f1370)
2025-03-30 21:38:38,903 - telethon.network.mtprotosender - DEBUG - Encrypting 1 message(s) in 36 bytes for sending
2025-03-30 21:38:38,903 - telethon.network.mtprotosender - DEBUG - Encrypted messages put in a queue to be sent
2025-03-30 21:38:38,903 - telethon.network.mtprotosender - DEBUG - Waiting for messages to send...
2025-03-30 21:38:38,972 - telethon.network.mtprotosender - DEBUG - Handling RPC result for message 7487689298457915300
2025-03-30 21:38:38,973 - telethon.network.mtprotosender - DEBUG - Receiving items from the network...
2025-03-30 21:38:38,975 - aiosqlite - DEBUG - executing <function connect.<locals>.connector at 0x7f24456eff60>
2025-03-30 21:38:38,978 - aiosqlite - DEBUG - operation <function connect.<locals>.connector at 0x7f24456eff60> completed
2025-03-30 21:38:38,979 - aiosqlite - DEBUG - executing functools.partial(<built-in method create_function of sqlite3.Connection object at 0x7f24457188b0>, 'regexp', 2, <function SQLiteDialect_pysqlite.on_connect.<locals>.regexp at 0x7f248d0cdc60>, deterministic=True)
2025-03-30 21:38:38,979 - aiosqlite - DEBUG - operation functools.partial(<built-in method create_function of sqlite3.Connection object at 0x7f24457188b0>, 'regexp', 2, <function SQLiteDialect_pysqlite.on_connect.<locals>.regexp at 0x7f248d0cdc60>, deterministic=True) completed
2025-03-30 21:38:38,980 - aiosqlite - DEBUG - executing functools.partial(<built-in method create_function of sqlite3.Connection object at 0x7f24457188b0>, 'floor', 1, <built-in function floor>, deterministic=True)
2025-03-30 21:38:38,980 - aiosqlite - DEBUG - operation functools.partial(<built-in method create_function of sqlite3.Connection object at 0x7f24457188b0>, 'floor', 1, <built-in function floor>, deterministic=True) completed
2025-03-30 21:38:38,981 - aiosqlite - DEBUG - executing functools.partial(<built-in method cursor of sqlite3.Connection object at 0x7f24457188b0>)
2025-03-30 21:38:38,981 - aiosqlite - DEBUG - operation functools.partial(<built-in method cursor of sqlite3.Connection object at 0x7f24457188b0>) completed
2025-03-30 21:38:38,981 - aiosqlite - DEBUG - executing functools.partial(<built-in method execute of sqlite3.Cursor object at 0x7f24457148c0>, 'PRAGMA read_uncommitted', [])
2025-03-30 21:38:38,981 - aiosqlite - DEBUG - operation functools.partial(<built-in method execute of sqlite3.Cursor object at 0x7f24457148c0>, 'PRAGMA read_uncommitted', []) completed
2025-03-30 21:38:38,982 - aiosqlite - DEBUG - executing functools.partial(<built-in method fetchall of sqlite3.Cursor object at 0x7f24457148c0>)
2025-03-30 21:38:38,982 - aiosqlite - DEBUG - operation functools.partial(<built-in method fetchall of sqlite3.Cursor object at 0x7f24457148c0>) completed
2025-03-30 21:38:38,982 - aiosqlite - DEBUG - executing functools.partial(<built-in method close of sqlite3.Cursor object at 0x7f24457148c0>)
2025-03-30 21:38:38,982 - aiosqlite - DEBUG - operation functools.partial(<built-in method close of sqlite3.Cursor object at 0x7f24457148c0>) completed
2025-03-30 21:38:38,983 - aiosqlite - DEBUG - executing functools.partial(<built-in method rollback of sqlite3.Connection object at 0x7f24457188b0>)
2025-03-30 21:38:38,983 - aiosqlite - DEBUG - operation functools.partial(<built-in method rollback of sqlite3.Connection object at 0x7f24457188b0>) completed
2025-03-30 21:38:38,984 - aiosqlite - DEBUG - executing functools.partial(<built-in method cursor of sqlite3.Connection object at 0x7f24457188b0>)
2025-03-30 21:38:38,984 - aiosqlite - DEBUG - operation functools.partial(<built-in method cursor of sqlite3.Connection object at 0x7f24457188b0>) completed
2025-03-30 21:38:38,985 - aiosqlite - DEBUG - executing functools.partial(<built-in method execute of sqlite3.Cursor object at 0x7f2445714ac0>, '\n                SELECT user_id, session, api_id, api_hash \n                FROM sessions\n            ', ())
2025-03-30 21:38:38,988 - aiosqlite - DEBUG - operation functools.partial(<built-in method execute of sqlite3.Cursor object at 0x7f2445714ac0>, '\n                SELECT user_id, session, api_id, api_hash \n                FROM sessions\n            ', ()) completed
2025-03-30 21:38:38,988 - aiosqlite - DEBUG - executing functools.partial(<built-in method fetchall of sqlite3.Cursor object at 0x7f2445714ac0>)
2025-03-30 21:38:38,988 - aiosqlite - DEBUG - operation functools.partial(<built-in method fetchall of sqlite3.Cursor object at 0x7f2445714ac0>) completed
2025-03-30 21:38:38,989 - aiosqlite - DEBUG - executing functools.partial(<built-in method close of sqlite3.Cursor object at 0x7f2445714ac0>)
2025-03-30 21:38:38,989 - aiosqlite - DEBUG - operation functools.partial(<built-in method close of sqlite3.Cursor object at 0x7f2445714ac0>) completed
2025-03-30 21:38:38,990 - aiosqlite - DEBUG - executing functools.partial(<built-in method rollback of sqlite3.Connection object at 0x7f24457188b0>)
2025-03-30 21:38:38,990 - aiosqlite - DEBUG - operation functools.partial(<built-in method rollback of sqlite3.Connection object at 0x7f24457188b0>) completed
2025-03-30 21:38:38,990 - aiosqlite - DEBUG - executing functools.partial(<built-in method rollback of sqlite3.Connection object at 0x7f24457188b0>)
2025-03-30 21:38:38,991 - aiosqlite - DEBUG - operation functools.partial(<built-in method rollback of sqlite3.Connection object at 0x7f24457188b0>) completed
2025-03-30 21:38:38,991 - aiosqlite - DEBUG - executing functools.partial(<built-in method close of sqlite3.Connection object at 0x7f24457188b0>)
2025-03-30 21:38:38,992 - aiosqlite - DEBUG - operation functools.partial(<built-in method close of sqlite3.Connection object at 0x7f24457188b0>) completed
2025-03-30 21:38:38,992 - __main__ - INFO - Bot is running...
2025-03-30 21:38:39,010 - telethon.extensions.messagepacker - DEBUG - Assigned msg_id = 7487689299186008092 to GetStateRequest (7f2445ccf200)
2025-03-30 21:38:39,010 - telethon.network.mtprotosender - DEBUG - Encrypting 1 message(s) in 20 bytes for sending
2025-03-30 21:38:39,011 - telethon.network.mtprotosender - DEBUG - Encrypted messages put in a queue to be sent
2025-03-30 21:38:39,011 - telethon.network.mtprotosender - DEBUG - Waiting for messages to send...
2025-03-30 21:38:39,011 - telethon.extensions.messagepacker - DEBUG - Assigned msg_id = 7487689299191772100 to MsgsAck (7f2445b26ab0)
2025-03-30 21:38:39,012 - telethon.network.mtprotosender - DEBUG - Encrypting 1 message(s) in 36 bytes for sending
2025-03-30 21:38:39,012 - telethon.network.mtprotosender - DEBUG - Encrypted messages put in a queue to be sent
2025-03-30 21:38:39,012 - telethon.network.mtprotosender - DEBUG - Waiting for messages to send...
2025-03-30 21:38:39,069 - telethon.network.mtprotosender - DEBUG - Handling RPC result for message 7487689299186008092
2025-03-30 21:38:39,070 - telethon.network.mtprotosender - DEBUG - Receiving items from the network...
2025-03-30 21:38:46,892 - telethon.network.mtprotosender - DEBUG - Handling gzipped data
2025-03-30 21:38:46,892 - telethon.network.mtprotosender - DEBUG - Handling gzipped data
2025-03-30 21:38:46,893 - telethon.network.mtprotosender - DEBUG - Handling update Updates
2025-03-30 21:38:46,893 - telethon.network.mtprotosender - DEBUG - Handling update Updates
2025-03-30 21:38:46,894 - telethon.network.mtprotosender - DEBUG - Receiving items from the network...
2025-03-30 21:38:46,894 - telethon.network.mtprotosender - DEBUG - Receiving items from the network...
2025-03-30 21:38:46,895 - aiosqlite - DEBUG - executing <function connect.<locals>.connector at 0x7fdf4dc60220>
2025-03-30 21:38:46,895 - aiosqlite - DEBUG - executing <function connect.<locals>.connector at 0x7f248dcac180>
2025-03-30 21:38:46,898 - aiosqlite - DEBUG - operation <function connect.<locals>.connector at 0x7f248dcac180> completed
2025-03-30 21:38:46,898 - aiosqlite - DEBUG - operation <function connect.<locals>.connector at 0x7fdf4dc60220> completed
2025-03-30 21:38:46,898 - aiosqlite - DEBUG - executing functools.partial(<built-in method execute of sqlite3.Connection object at 0x7f244571b010>, 'DELETE FROM registration_progress WHERE user_id = ?', ('7150795159',))
2025-03-30 21:38:46,898 - aiosqlite - DEBUG - executing functools.partial(<built-in method execute of sqlite3.Connection object at 0x7fdf04d8f790>, 'DELETE FROM registration_progress WHERE user_id = ?', ('7150795159',))
2025-03-30 21:38:46,912 - aiosqlite - DEBUG - operation functools.partial(<built-in method execute of sqlite3.Connection object at 0x7f244571b010>, 'DELETE FROM registration_progress WHERE user_id = ?', ('7150795159',)) completed
2025-03-30 21:38:46,912 - aiosqlite - DEBUG - executing functools.partial(<built-in method commit of sqlite3.Connection object at 0x7f244571b010>)
2025-03-30 21:38:46,913 - aiosqlite - DEBUG - operation functools.partial(<built-in method commit of sqlite3.Connection object at 0x7f244571b010>) completed
2025-03-30 21:38:46,914 - aiosqlite - DEBUG - executing functools.partial(<built-in method close of sqlite3.Connection object at 0x7f244571b010>)
2025-03-30 21:38:46,914 - aiosqlite - DEBUG - operation functools.partial(<built-in method close of sqlite3.Connection object at 0x7f244571b010>) completed
2025-03-30 21:38:46,916 - aiosqlite - DEBUG - operation functools.partial(<built-in method execute of sqlite3.Connection object at 0x7fdf04d8f790>, 'DELETE FROM registration_progress WHERE user_id = ?', ('7150795159',)) completed
2025-03-30 21:38:46,917 - aiosqlite - DEBUG - executing functools.partial(<built-in method commit of sqlite3.Connection object at 0x7fdf04d8f790>)
2025-03-30 21:38:46,918 - aiosqlite - DEBUG - operation functools.partial(<built-in method commit of sqlite3.Connection object at 0x7fdf04d8f790>) completed
2025-03-30 21:38:46,918 - aiosqlite - DEBUG - executing functools.partial(<built-in method close of sqlite3.Connection object at 0x7fdf04d8f790>)
2025-03-30 21:38:46,919 - aiosqlite - DEBUG - operation functools.partial(<built-in method close of sqlite3.Connection object at 0x7fdf04d8f790>) completed
2025-03-30 21:38:46,915 - telethon.client.updates - ERROR - Unhandled exception on start_handler
Traceback (most recent call last):
  File "/mnt/c/Users/mo/Desktop/self/db.py", line 481, in delete_registration_progress
    logger.info(f"Deleted registration progress for user {user_id}")
    ^^^^^^
NameError: name 'logger' is not defined

During handling of the above exception, another exception occurred:

Traceback (most recent call last):
  File "/home/moh/myenv/lib/python3.12/site-packages/telethon/client/updates.py", line 570, in _dispatch_update
    await callback(event)
  File "/mnt/c/Users/mo/Desktop/self/bot.py", line 396, in start_handler
    await delete_registration_progress(user_id)
  File "/mnt/c/Users/mo/Desktop/self/db.py", line 483, in delete_registration_progress
    logger.error(f"Error deleting registration progress: {e}")
    ^^^^^^
NameError: name 'logger' is not defined
2025-03-30 21:38:46,926 - __main__ - DEBUG - Message from 7150795159: /start
2025-03-30 21:38:46,927 - aiosqlite - DEBUG - executing <function connect.<locals>.connector at 0x7f248dcac180>
2025-03-30 21:38:46,920 - telethon.client.updates - ERROR - Unhandled exception on start_handler
Traceback (most recent call last):
  File "/mnt/c/Users/mo/Desktop/self/db.py", line 481, in delete_registration_progress
    logger.info(f"Deleted registration progress for user {user_id}")
    ^^^^^^
NameError: name 'logger' is not defined

During handling of the above exception, another exception occurred:

Traceback (most recent call last):
  File "/home/moh/myenv/lib/python3.12/site-packages/telethon/client/updates.py", line 570, in _dispatch_update
    await callback(event)
  File "/mnt/c/Users/mo/Desktop/self/bot.py", line 396, in start_handler
    await delete_registration_progress(user_id)
  File "/mnt/c/Users/mo/Desktop/self/db.py", line 483, in delete_registration_progress
    logger.error(f"Error deleting registration progress: {e}")
    ^^^^^^
NameError: name 'logger' is not defined
2025-03-30 21:38:46,931 - __main__ - DEBUG - Message from 7150795159: /start
2025-03-30 21:38:46,931 - aiosqlite - DEBUG - operation <function connect.<locals>.connector at 0x7f248dcac180> completed
2025-03-30 21:38:46,931 - aiosqlite - DEBUG - executing <function connect.<locals>.connector at 0x7fdf4dc60220>
2025-03-30 21:38:46,932 - aiosqlite - DEBUG - executing functools.partial(<built-in method execute of sqlite3.Connection object at 0x7f244571b880>, 'SELECT step FROM registration_progress WHERE user_id = ?', ('7150795159',))
2025-03-30 21:38:46,934 - aiosqlite - DEBUG - operation <function connect.<locals>.connector at 0x7fdf4dc60220> completed
2025-03-30 21:38:46,934 - aiosqlite - DEBUG - executing functools.partial(<built-in method execute of sqlite3.Connection object at 0x7fdf04dc4040>, 'SELECT step FROM registration_progress WHERE user_id = ?', ('7150795159',))
2025-03-30 21:38:46,935 - aiosqlite - DEBUG - operation functools.partial(<built-in method execute of sqlite3.Connection object at 0x7f244571b880>, 'SELECT step FROM registration_progress WHERE user_id = ?', ('7150795159',)) completed
2025-03-30 21:38:46,935 - aiosqlite - DEBUG - executing functools.partial(<built-in method fetchone of sqlite3.Cursor object at 0x7f244574a140>)
2025-03-30 21:38:46,935 - aiosqlite - DEBUG - operation functools.partial(<built-in method fetchone of sqlite3.Cursor object at 0x7f244574a140>) completed
2025-03-30 21:38:46,936 - aiosqlite - DEBUG - executing functools.partial(<built-in method close of sqlite3.Connection object at 0x7f244571b880>)
2025-03-30 21:38:46,937 - aiosqlite - DEBUG - operation functools.partial(<built-in method close of sqlite3.Connection object at 0x7f244571b880>) completed
2025-03-30 21:38:46,937 - aiosqlite - DEBUG - operation functools.partial(<built-in method execute of sqlite3.Connection object at 0x7fdf04dc4040>, 'SELECT step FROM registration_progress WHERE user_id = ?', ('7150795159',)) completed
2025-03-30 21:38:46,937 - telethon.extensions.messagepacker - DEBUG - Assigned msg_id = 7487689332961099636 to GetChannelsRequest (7f24456f20c0)
2025-03-30 21:38:46,937 - aiosqlite - DEBUG - executing functools.partial(<built-in method fetchone of sqlite3.Cursor object at 0x7fdf04dbc2c0>)
2025-03-30 21:38:46,938 - aiosqlite - DEBUG - operation functools.partial(<built-in method fetchone of sqlite3.Cursor object at 0x7fdf04dbc2c0>) completed
2025-03-30 21:38:46,938 - telethon.network.mtprotosender - DEBUG - Encrypting 1 message(s) in 48 bytes for sending
2025-03-30 21:38:46,938 - telethon.network.mtprotosender - DEBUG - Encrypted messages put in a queue to be sent
2025-03-30 21:38:46,938 - aiosqlite - DEBUG - executing functools.partial(<built-in method close of sqlite3.Connection object at 0x7fdf04dc4040>)
2025-03-30 21:38:46,938 - telethon.network.mtprotosender - DEBUG - Waiting for messages to send...
2025-03-30 21:38:46,939 - telethon.extensions.messagepacker - DEBUG - Assigned msg_id = 7487689332965775504 to MsgsAck (7f2445e2f470)
2025-03-30 21:38:46,939 - telethon.network.mtprotosender - DEBUG - Encrypting 1 message(s) in 44 bytes for sending
2025-03-30 21:38:46,939 - telethon.network.mtprotosender - DEBUG - Encrypted messages put in a queue to be sent
2025-03-30 21:38:46,939 - aiosqlite - DEBUG - operation functools.partial(<built-in method close of sqlite3.Connection object at 0x7fdf04dc4040>) completed
2025-03-30 21:38:46,939 - telethon.network.mtprotosender - DEBUG - Waiting for messages to send...
2025-03-30 21:38:46,940 - telethon.extensions.messagepacker - DEBUG - Assigned msg_id = 7487689328675086388 to GetChannelsRequest (7fdf0571aff0)
2025-03-30 21:38:46,940 - telethon.network.mtprotosender - DEBUG - Encrypting 1 message(s) in 48 bytes for sending
2025-03-30 21:38:46,940 - telethon.network.mtprotosender - DEBUG - Encrypted messages put in a queue to be sent
2025-03-30 21:38:46,940 - telethon.network.mtprotosender - DEBUG - Waiting for messages to send...
2025-03-30 21:38:46,941 - telethon.extensions.messagepacker - DEBUG - Assigned msg_id = 7487689328679034600 to MsgsAck (7fdf06158440)
2025-03-30 21:38:46,941 - telethon.network.mtprotosender - DEBUG - Encrypting 1 message(s) in 44 bytes for sending
2025-03-30 21:38:46,941 - telethon.network.mtprotosender - DEBUG - Encrypted messages put in a queue to be sent
2025-03-30 21:38:46,941 - telethon.network.mtprotosender - DEBUG - Waiting for messages to send...
2025-03-30 21:38:47,008 - telethon.network.mtprotosender - DEBUG - Handling RPC result for message 7487689328675086388
2025-03-30 21:38:47,009 - telethon.network.mtprotosender - DEBUG - Receiving items from the network...
2025-03-30 21:38:47,009 - telethon.extensions.messagepacker - DEBUG - Assigned msg_id = 7487689329247002612 to GetChannelsRequest (7fdf061eb6e0)
2025-03-30 21:38:47,009 - telethon.network.mtprotosender - DEBUG - Encrypting 1 message(s) in 48 bytes for sending
2025-03-30 21:38:47,009 - telethon.network.mtprotosender - DEBUG - Encrypted messages put in a queue to be sent
2025-03-30 21:38:47,010 - telethon.network.mtprotosender - DEBUG - Waiting for messages to send...
2025-03-30 21:38:47,010 - telethon.extensions.messagepacker - DEBUG - Assigned msg_id = 7487689329251132976 to MsgsAck (7fdf0692a3f0)
2025-03-30 21:38:47,010 - telethon.network.mtprotosender - DEBUG - Encrypting 1 message(s) in 36 bytes for sending
2025-03-30 21:38:47,011 - telethon.network.mtprotosender - DEBUG - Encrypted messages put in a queue to be sent
2025-03-30 21:38:47,011 - telethon.network.mtprotosender - DEBUG - Waiting for messages to send...
2025-03-30 21:38:47,084 - telethon.network.mtprotosender - DEBUG - Handling RPC result for message 7487689329247002612
2025-03-30 21:38:47,084 - telethon.network.mtprotosender - DEBUG - Handling RPC result for message 7487689332961099636
2025-03-30 21:38:47,085 - telethon.network.mtprotosender - DEBUG - Receiving items from the network...
2025-03-30 21:38:47,085 - telethon.network.mtprotosender - DEBUG - Receiving items from the network...
2025-03-30 21:38:47,085 - telethon.extensions.messagepacker - DEBUG - Assigned msg_id = 7487689329551895152 to GetParticipantRequest (7fdf06951a00)
2025-03-30 21:38:47,085 - telethon.extensions.messagepacker - DEBUG - Assigned msg_id = 7487689333846926348 to GetChannelsRequest (7f24459fa750)
2025-03-30 21:38:47,086 - telethon.network.mtprotosender - DEBUG - Encrypting 1 message(s) in 48 bytes for sending
2025-03-30 21:38:47,086 - telethon.network.mtprotosender - DEBUG - Encrypting 1 message(s) in 60 bytes for sending
2025-03-30 21:38:47,086 - telethon.network.mtprotosender - DEBUG - Encrypted messages put in a queue to be sent
2025-03-30 21:38:47,086 - telethon.network.mtprotosender - DEBUG - Encrypted messages put in a queue to be sent
2025-03-30 21:38:47,086 - telethon.network.mtprotosender - DEBUG - Waiting for messages to send...
2025-03-30 21:38:47,086 - telethon.network.mtprotosender - DEBUG - Waiting for messages to send...
2025-03-30 21:38:47,086 - telethon.extensions.messagepacker - DEBUG - Assigned msg_id = 7487689333852069512 to MsgsAck (7f2446ff5af0)
2025-03-30 21:38:47,086 - telethon.extensions.messagepacker - DEBUG - Assigned msg_id = 7487689329557107936 to MsgsAck (7fdf056faa20)
2025-03-30 21:38:47,087 - telethon.network.mtprotosender - DEBUG - Encrypting 1 message(s) in 36 bytes for sending
2025-03-30 21:38:47,087 - telethon.network.mtprotosender - DEBUG - Encrypting 1 message(s) in 36 bytes for sending
2025-03-30 21:38:47,087 - telethon.network.mtprotosender - DEBUG - Encrypted messages put in a queue to be sent
2025-03-30 21:38:47,087 - telethon.network.mtprotosender - DEBUG - Encrypted messages put in a queue to be sent
2025-03-30 21:38:47,088 - telethon.network.mtprotosender - DEBUG - Waiting for messages to send...
2025-03-30 21:38:47,088 - telethon.network.mtprotosender - DEBUG - Waiting for messages to send...
2025-03-30 21:38:47,156 - telethon.network.mtprotosender - DEBUG - Handling RPC result for message 7487689329551895152
2025-03-30 21:38:47,156 - telethon.network.mtprotosender - DEBUG - Receiving items from the network...
2025-03-30 21:38:47,191 - telethon.network.mtprotosender - DEBUG - Handling RPC result for message 7487689333846926348
2025-03-30 21:38:47,192 - telethon.network.mtprotosender - DEBUG - Receiving items from the network...
2025-03-30 21:38:47,193 - telethon.extensions.messagepacker - DEBUG - Assigned msg_id = 7487689334277096404 to GetParticipantRequest (7f2445b26f00)
2025-03-30 21:38:47,193 - telethon.network.mtprotosender - DEBUG - Encrypting 1 message(s) in 60 bytes for sending
2025-03-30 21:38:47,193 - telethon.network.mtprotosender - DEBUG - Encrypted messages put in a queue to be sent
2025-03-30 21:38:47,193 - telethon.network.mtprotosender - DEBUG - Waiting for messages to send...
2025-03-30 21:38:47,194 - telethon.extensions.messagepacker - DEBUG - Assigned msg_id = 7487689334281080856 to MsgsAck (7f244703b620)
2025-03-30 21:38:47,194 - telethon.network.mtprotosender - DEBUG - Encrypting 1 message(s) in 36 bytes for sending
2025-03-30 21:38:47,194 - telethon.network.mtprotosender - DEBUG - Encrypted messages put in a queue to be sent
2025-03-30 21:38:47,194 - telethon.network.mtprotosender - DEBUG - Waiting for messages to send...
2025-03-30 21:38:47,307 - telethon.network.mtprotosender - DEBUG - Handling RPC result for message 7487689334277096404
2025-03-30 21:38:47,307 - telethon.network.mtprotosender - DEBUG - Receiving items from the network...
2025-03-30 21:38:53,327 - telethon.network.mtprotosender - DEBUG - Handling gzipped data
2025-03-30 21:38:53,327 - telethon.network.mtprotosender - DEBUG - Handling gzipped data
2025-03-30 21:38:53,328 - telethon.network.mtprotosender - DEBUG - Handling update Updates
2025-03-30 21:38:53,328 - telethon.network.mtprotosender - DEBUG - Handling update Updates
2025-03-30 21:38:53,328 - telethon.network.mtprotosender - DEBUG - Receiving items from the network...
2025-03-30 21:38:53,328 - telethon.network.mtprotosender - DEBUG - Receiving items from the network...
2025-03-30 21:38:53,329 - aiosqlite - DEBUG - executing <function connect.<locals>.connector at 0x7fdf4dc60220>
2025-03-30 21:38:53,329 - aiosqlite - DEBUG - executing <function connect.<locals>.connector at 0x7f248dcac0e0>
2025-03-30 21:38:53,332 - aiosqlite - DEBUG - operation <function connect.<locals>.connector at 0x7f248dcac0e0> completed
2025-03-30 21:38:53,332 - aiosqlite - DEBUG - operation <function connect.<locals>.connector at 0x7fdf4dc60220> completed
2025-03-30 21:38:53,333 - aiosqlite - DEBUG - executing functools.partial(<built-in method execute of sqlite3.Connection object at 0x7fdf04d8d300>, 'DELETE FROM registration_progress WHERE user_id = ?', ('7150795159',))
2025-03-30 21:38:53,333 - aiosqlite - DEBUG - executing functools.partial(<built-in method execute of sqlite3.Connection object at 0x7f244571ba60>, 'DELETE FROM registration_progress WHERE user_id = ?', ('7150795159',))
2025-03-30 21:38:53,336 - aiosqlite - DEBUG - operation functools.partial(<built-in method execute of sqlite3.Connection object at 0x7fdf04d8d300>, 'DELETE FROM registration_progress WHERE user_id = ?', ('7150795159',)) completed
2025-03-30 21:38:53,336 - aiosqlite - DEBUG - executing functools.partial(<built-in method commit of sqlite3.Connection object at 0x7fdf04d8d300>)
2025-03-30 21:38:53,337 - aiosqlite - DEBUG - operation functools.partial(<built-in method commit of sqlite3.Connection object at 0x7fdf04d8d300>) completed
2025-03-30 21:38:53,337 - aiosqlite - DEBUG - executing functools.partial(<built-in method close of sqlite3.Connection object at 0x7fdf04d8d300>)
2025-03-30 21:38:53,338 - aiosqlite - DEBUG - operation functools.partial(<built-in method close of sqlite3.Connection object at 0x7fdf04d8d300>) completed
2025-03-30 21:38:53,340 - aiosqlite - DEBUG - operation functools.partial(<built-in method execute of sqlite3.Connection object at 0x7f244571ba60>, 'DELETE FROM registration_progress WHERE user_id = ?', ('7150795159',)) completed
2025-03-30 21:38:53,341 - aiosqlite - DEBUG - executing functools.partial(<built-in method commit of sqlite3.Connection object at 0x7f244571ba60>)
2025-03-30 21:38:53,342 - aiosqlite - DEBUG - operation functools.partial(<built-in method commit of sqlite3.Connection object at 0x7f244571ba60>) completed
2025-03-30 21:38:53,342 - aiosqlite - DEBUG - executing functools.partial(<built-in method close of sqlite3.Connection object at 0x7f244571ba60>)
2025-03-30 21:38:53,339 - telethon.client.updates - ERROR - Unhandled exception on start_handler
Traceback (most recent call last):
  File "/mnt/c/Users/mo/Desktop/self/db.py", line 481, in delete_registration_progress
    logger.info(f"Deleted registration progress for user {user_id}")
    ^^^^^^
NameError: name 'logger' is not defined

During handling of the above exception, another exception occurred:

Traceback (most recent call last):
  File "/home/moh/myenv/lib/python3.12/site-packages/telethon/client/updates.py", line 570, in _dispatch_update
    await callback(event)
  File "/mnt/c/Users/mo/Desktop/self/bot.py", line 396, in start_handler
    await delete_registration_progress(user_id)
  File "/mnt/c/Users/mo/Desktop/self/db.py", line 483, in delete_registration_progress
    logger.error(f"Error deleting registration progress: {e}")
    ^^^^^^
NameError: name 'logger' is not defined
2025-03-30 21:38:53,343 - __main__ - DEBUG - Message from 7150795159: /start
2025-03-30 21:38:53,343 - aiosqlite - DEBUG - operation functools.partial(<built-in method close of sqlite3.Connection object at 0x7f244571ba60>) completed
2025-03-30 21:38:53,343 - aiosqlite - DEBUG - executing <function connect.<locals>.connector at 0x7fdf4dc60220>
2025-03-30 21:38:53,347 - aiosqlite - DEBUG - operation <function connect.<locals>.connector at 0x7fdf4dc60220> completed
2025-03-30 21:38:53,348 - aiosqlite - DEBUG - executing functools.partial(<built-in method execute of sqlite3.Connection object at 0x7fdf0576f1f0>, 'SELECT step FROM registration_progress WHERE user_id = ?', ('7150795159',))
2025-03-30 21:38:53,343 - telethon.client.updates - ERROR - Unhandled exception on start_handler
Traceback (most recent call last):
  File "/mnt/c/Users/mo/Desktop/self/db.py", line 481, in delete_registration_progress
    logger.info(f"Deleted registration progress for user {user_id}")
    ^^^^^^
NameError: name 'logger' is not defined

During handling of the above exception, another exception occurred:

Traceback (most recent call last):
  File "/home/moh/myenv/lib/python3.12/site-packages/telethon/client/updates.py", line 570, in _dispatch_update
    await callback(event)
  File "/mnt/c/Users/mo/Desktop/self/bot.py", line 396, in start_handler
    await delete_registration_progress(user_id)
  File "/mnt/c/Users/mo/Desktop/self/db.py", line 483, in delete_registration_progress
    logger.error(f"Error deleting registration progress: {e}")
    ^^^^^^
NameError: name 'logger' is not defined
2025-03-30 21:38:53,349 - __main__ - DEBUG - Message from 7150795159: /start
2025-03-30 21:38:53,350 - aiosqlite - DEBUG - executing <function connect.<locals>.connector at 0x7f248dcac0e0>
2025-03-30 21:38:53,352 - aiosqlite - DEBUG - operation functools.partial(<built-in method execute of sqlite3.Connection object at 0x7fdf0576f1f0>, 'SELECT step FROM registration_progress WHERE user_id = ?', ('7150795159',)) completed
2025-03-30 21:38:53,352 - aiosqlite - DEBUG - executing functools.partial(<built-in method fetchone of sqlite3.Cursor object at 0x7fdf0577dc40>)
2025-03-30 21:38:53,352 - aiosqlite - DEBUG - operation <function connect.<locals>.connector at 0x7f248dcac0e0> completed
2025-03-30 21:38:53,352 - aiosqlite - DEBUG - operation functools.partial(<built-in method fetchone of sqlite3.Cursor object at 0x7fdf0577dc40>) completed
2025-03-30 21:38:53,353 - aiosqlite - DEBUG - executing functools.partial(<built-in method execute of sqlite3.Connection object at 0x7f24456e6a70>, 'SELECT step FROM registration_progress WHERE user_id = ?', ('7150795159',))
2025-03-30 21:38:53,353 - aiosqlite - DEBUG - executing functools.partial(<built-in method close of sqlite3.Connection object at 0x7fdf0576f1f0>)
2025-03-30 21:38:53,354 - aiosqlite - DEBUG - operation functools.partial(<built-in method close of sqlite3.Connection object at 0x7fdf0576f1f0>) completed
2025-03-30 21:38:53,355 - telethon.extensions.messagepacker - DEBUG - Assigned msg_id = 7487689356400477196 to GetChannelsRequest (7fdf08167260)
2025-03-30 21:38:53,355 - telethon.network.mtprotosender - DEBUG - Encrypting 1 message(s) in 48 bytes for sending
2025-03-30 21:38:53,356 - telethon.network.mtprotosender - DEBUG - Encrypted messages put in a queue to be sent
2025-03-30 21:38:53,356 - telethon.network.mtprotosender - DEBUG - Waiting for messages to send...
2025-03-30 21:38:53,356 - telethon.extensions.messagepacker - DEBUG - Assigned msg_id = 7487689356405112052 to MsgsAck (7fdf0571ae70)
2025-03-30 21:38:53,356 - telethon.network.mtprotosender - DEBUG - Encrypting 1 message(s) in 44 bytes for sending
2025-03-30 21:38:53,357 - aiosqlite - DEBUG - operation functools.partial(<built-in method execute of sqlite3.Connection object at 0x7f24456e6a70>, 'SELECT step FROM registration_progress WHERE user_id = ?', ('7150795159',)) completed
2025-03-30 21:38:53,357 - telethon.network.mtprotosender - DEBUG - Encrypted messages put in a queue to be sent
2025-03-30 21:38:53,357 - telethon.network.mtprotosender - DEBUG - Waiting for messages to send...
2025-03-30 21:38:53,357 - aiosqlite - DEBUG - executing functools.partial(<built-in method fetchone of sqlite3.Cursor object at 0x7f2445714040>)
2025-03-30 21:38:53,358 - aiosqlite - DEBUG - operation functools.partial(<built-in method fetchone of sqlite3.Cursor object at 0x7f2445714040>) completed
2025-03-30 21:38:53,358 - aiosqlite - DEBUG - executing functools.partial(<built-in method close of sqlite3.Connection object at 0x7f24456e6a70>)
2025-03-30 21:38:53,359 - aiosqlite - DEBUG - operation functools.partial(<built-in method close of sqlite3.Connection object at 0x7f24456e6a70>) completed
2025-03-30 21:38:53,360 - telethon.extensions.messagepacker - DEBUG - Assigned msg_id = 7487689360715028196 to GetChannelsRequest (7f24459fb1a0)
2025-03-30 21:38:53,360 - telethon.network.mtprotosender - DEBUG - Encrypting 1 message(s) in 48 bytes for sending
2025-03-30 21:38:53,360 - telethon.network.mtprotosender - DEBUG - Encrypted messages put in a queue to be sent
2025-03-30 21:38:53,361 - telethon.network.mtprotosender - DEBUG - Waiting for messages to send...
2025-03-30 21:38:53,361 - telethon.extensions.messagepacker - DEBUG - Assigned msg_id = 7487689360720192340 to MsgsAck (7f24456f2060)
2025-03-30 21:38:53,361 - telethon.network.mtprotosender - DEBUG - Encrypting 1 message(s) in 44 bytes for sending
2025-03-30 21:38:53,362 - telethon.network.mtprotosender - DEBUG - Encrypted messages put in a queue to be sent
2025-03-30 21:38:53,362 - telethon.network.mtprotosender - DEBUG - Waiting for messages to send...
2025-03-30 21:38:53,436 - telethon.network.mtprotosender - DEBUG - Handling RPC result for message 7487689360715028196
2025-03-30 21:38:53,436 - telethon.network.mtprotosender - DEBUG - Receiving items from the network...
2025-03-30 21:38:53,437 - telethon.extensions.messagepacker - DEBUG - Assigned msg_id = 7487689361022076040 to GetParticipantRequest (7f2445e3c050)
2025-03-30 21:38:53,437 - telethon.network.mtprotosender - DEBUG - Encrypting 1 message(s) in 60 bytes for sending
2025-03-30 21:38:53,437 - telethon.network.mtprotosender - DEBUG - Encrypted messages put in a queue to be sent
2025-03-30 21:38:53,437 - telethon.network.mtprotosender - DEBUG - Waiting for messages to send...
2025-03-30 21:38:53,438 - telethon.extensions.messagepacker - DEBUG - Assigned msg_id = 7487689361026682284 to MsgsAck (7f248d097320)
2025-03-30 21:38:53,438 - telethon.network.mtprotosender - DEBUG - Encrypting 1 message(s) in 36 bytes for sending
2025-03-30 21:38:53,438 - telethon.network.mtprotosender - DEBUG - Encrypted messages put in a queue to be sent
2025-03-30 21:38:53,438 - telethon.network.mtprotosender - DEBUG - Waiting for messages to send...
2025-03-30 21:38:53,500 - telethon.network.mtprotosender - DEBUG - Handling RPC result for message 7487689361022076040
2025-03-30 21:38:53,501 - telethon.network.mtprotosender - DEBUG - Receiving items from the network...
2025-03-30 21:38:53,533 - telethon.network.mtprotosender - DEBUG - Handling RPC result for message 7487689356400477196
2025-03-30 21:38:53,534 - telethon.network.mtprotosender - DEBUG - Receiving items from the network...
2025-03-30 21:38:53,534 - telethon.extensions.messagepacker - DEBUG - Assigned msg_id = 7487689357118287828 to GetParticipantRequest (7fdf061eb560)
2025-03-30 21:38:53,535 - telethon.network.mtprotosender - DEBUG - Encrypting 1 message(s) in 60 bytes for sending
2025-03-30 21:38:53,535 - telethon.network.mtprotosender - DEBUG - Encrypted messages put in a queue to be sent
2025-03-30 21:38:53,535 - telethon.network.mtprotosender - DEBUG - Waiting for messages to send...
2025-03-30 21:38:53,535 - telethon.extensions.messagepacker - DEBUG - Assigned msg_id = 7487689357122927452 to MsgsAck (7fdf08167260)
2025-03-30 21:38:53,536 - telethon.network.mtprotosender - DEBUG - Encrypting 1 message(s) in 36 bytes for sending
2025-03-30 21:38:53,536 - telethon.network.mtprotosender - DEBUG - Encrypted messages put in a queue to be sent
2025-03-30 21:38:53,536 - telethon.network.mtprotosender - DEBUG - Waiting for messages to send...
2025-03-30 21:38:53,693 - telethon.network.mtprotosender - DEBUG - Handling RPC result for message 7487689357118287828
2025-03-30 21:38:53,693 - telethon.network.mtprotosender - DEBUG - Receiving items from the network...
2025-03-30 21:39:02,291 - telethon.extensions.messagepacker - DEBUG - Assigned msg_id = 7487689394799042152 to PingRequest (7fdf0655fbf0)
2025-03-30 21:39:02,291 - telethon.network.mtprotosender - DEBUG - Encrypting 1 message(s) in 28 bytes for sending
2025-03-30 21:39:02,292 - telethon.network.mtprotosender - DEBUG - Encrypted messages put in a queue to be sent
2025-03-30 21:39:02,292 - telethon.network.mtprotosender - DEBUG - Waiting for messages to send...
2025-03-30 21:39:02,292 - telethon.extensions.messagepacker - DEBUG - Assigned msg_id = 7487689394804069924 to MsgsAck (7fdf05ad68a0)
2025-03-30 21:39:02,292 - telethon.network.mtprotosender - DEBUG - Encrypting 1 message(s) in 36 bytes for sending
2025-03-30 21:39:02,293 - telethon.network.mtprotosender - DEBUG - Encrypted messages put in a queue to be sent
2025-03-30 21:39:02,293 - telethon.network.mtprotosender - DEBUG - Waiting for messages to send...
2025-03-30 21:39:02,331 - telethon.network.mtprotosender - DEBUG - Handling pong for message 7487689394799042152
2025-03-30 21:39:02,331 - telethon.network.mtprotosender - DEBUG - Receiving items from the network...
2025-03-30 21:39:45,422 - telethon.network.mtprotosender - DEBUG - Handling update UpdateShort
2025-03-30 21:39:45,423 - telethon.network.mtprotosender - DEBUG - Receiving items from the network...
2025-03-30 21:39:57,608 - telethon.network.mtprotosender - DEBUG - Handling gzipped data
2025-03-30 21:39:57,609 - telethon.network.mtprotosender - DEBUG - Handling update Updates
2025-03-30 21:39:57,609 - telethon.network.mtprotosender - DEBUG - Receiving items from the network...
2025-03-30 21:39:57,610 - aiosqlite - DEBUG - executing <function connect.<locals>.connector at 0x7fdf4dc60180>
2025-03-30 21:39:57,613 - aiosqlite - DEBUG - operation <function connect.<locals>.connector at 0x7fdf4dc60180> completed
2025-03-30 21:39:57,613 - aiosqlite - DEBUG - executing functools.partial(<built-in method execute of sqlite3.Connection object at 0x7fdf04d8d300>, 'DELETE FROM registration_progress WHERE user_id = ?', ('7150795159',))
2025-03-30 21:39:57,618 - aiosqlite - DEBUG - operation functools.partial(<built-in method execute of sqlite3.Connection object at 0x7fdf04d8d300>, 'DELETE FROM registration_progress WHERE user_id = ?', ('7150795159',)) completed
2025-03-30 21:39:57,619 - aiosqlite - DEBUG - executing functools.partial(<built-in method commit of sqlite3.Connection object at 0x7fdf04d8d300>)
2025-03-30 21:39:57,620 - aiosqlite - DEBUG - operation functools.partial(<built-in method commit of sqlite3.Connection object at 0x7fdf04d8d300>) completed
2025-03-30 21:39:57,620 - aiosqlite - DEBUG - executing functools.partial(<built-in method close of sqlite3.Connection object at 0x7fdf04d8d300>)
2025-03-30 21:39:57,621 - aiosqlite - DEBUG - operation functools.partial(<built-in method close of sqlite3.Connection object at 0x7fdf04d8d300>) completed
2025-03-30 21:39:57,621 - telethon.client.updates - ERROR - Unhandled exception on start_handler
Traceback (most recent call last):
  File "/mnt/c/Users/mo/Desktop/self/db.py", line 481, in delete_registration_progress
    async def delete_registration_progress(user_id: str):
                ^^^^^^
NameError: name 'logger' is not defined

During handling of the above exception, another exception occurred:

Traceback (most recent call last):
  File "/home/moh/myenv/lib/python3.12/site-packages/telethon/client/updates.py", line 570, in _dispatch_update
    await callback(event)
  File "/mnt/c/Users/mo/Desktop/self/bot.py", line 396, in start_handler
    await delete_registration_progress(user_id)
  File "/mnt/c/Users/mo/Desktop/self/db.py", line 483, in delete_registration_progress
    try:
        ^
NameError: name 'logger' is not defined
2025-03-30 21:39:57,628 - __main__ - DEBUG - Message from 7150795159: /start
2025-03-30 21:39:57,629 - aiosqlite - DEBUG - executing <function connect.<locals>.connector at 0x7fdf4dc60180>
2025-03-30 21:39:57,632 - aiosqlite - DEBUG - operation <function connect.<locals>.connector at 0x7fdf4dc60180> completed
2025-03-30 21:39:57,633 - aiosqlite - DEBUG - executing functools.partial(<built-in method execute of sqlite3.Connection object at 0x7fdf04d8d300>, 'SELECT step FROM registration_progress WHERE user_id = ?', ('7150795159',))
2025-03-30 21:39:57,636 - aiosqlite - DEBUG - operation functools.partial(<built-in method execute of sqlite3.Connection object at 0x7fdf04d8d300>, 'SELECT step FROM registration_progress WHERE user_id = ?', ('7150795159',)) completed
2025-03-30 21:39:57,636 - aiosqlite - DEBUG - executing functools.partial(<built-in method fetchone of sqlite3.Cursor object at 0x7fdf0577c940>)
2025-03-30 21:39:57,636 - aiosqlite - DEBUG - operation functools.partial(<built-in method fetchone of sqlite3.Cursor object at 0x7fdf0577c940>) completed
2025-03-30 21:39:57,637 - aiosqlite - DEBUG - executing functools.partial(<built-in method close of sqlite3.Connection object at 0x7fdf04d8d300>)
2025-03-30 21:39:57,637 - aiosqlite - DEBUG - operation functools.partial(<built-in method close of sqlite3.Connection object at 0x7fdf04d8d300>) completed
2025-03-30 21:39:57,638 - telethon.extensions.messagepacker - DEBUG - Assigned msg_id = 7487689632410789420 to GetChannelsRequest (7fdf05ad7d70)
2025-03-30 21:39:57,638 - telethon.network.mtprotosender - DEBUG - Encrypting 1 message(s) in 48 bytes for sending
2025-03-30 21:39:57,638 - telethon.network.mtprotosender - DEBUG - Encrypted messages put in a queue to be sent
2025-03-30 21:39:57,639 - telethon.network.mtprotosender - DEBUG - Waiting for messages to send...
2025-03-30 21:39:57,639 - telethon.extensions.messagepacker - DEBUG - Assigned msg_id = 7487689632415019920 to MsgsAck (7fdf0571bc80)
2025-03-30 21:39:57,639 - telethon.network.mtprotosender - DEBUG - Encrypting 1 message(s) in 52 bytes for sending
2025-03-30 21:39:57,640 - telethon.network.mtprotosender - DEBUG - Encrypted messages put in a queue to be sent
2025-03-30 21:39:57,640 - telethon.network.mtprotosender - DEBUG - Waiting for messages to send...
2025-03-30 21:39:57,691 - telethon.network.mtprotosender - DEBUG - Handling RPC result for message 7487689632410789420
2025-03-30 21:39:57,692 - telethon.network.mtprotosender - DEBUG - Receiving items from the network...
2025-03-30 21:39:57,692 - telethon.extensions.messagepacker - DEBUG - Assigned msg_id = 7487689632626997880 to GetParticipantRequest (7fdf092888f0)
2025-03-30 21:39:57,692 - telethon.network.mtprotosender - DEBUG - Encrypting 1 message(s) in 60 bytes for sending
2025-03-30 21:39:57,693 - telethon.network.mtprotosender - DEBUG - Encrypted messages put in a queue to be sent
2025-03-30 21:39:57,693 - telethon.network.mtprotosender - DEBUG - Waiting for messages to send...
2025-03-30 21:39:57,693 - telethon.extensions.messagepacker - DEBUG - Assigned msg_id = 7487689632631584100 to MsgsAck (7fdf05c680b0)
2025-03-30 21:39:57,693 - telethon.network.mtprotosender - DEBUG - Encrypting 1 message(s) in 36 bytes for sending
2025-03-30 21:39:57,694 - telethon.network.mtprotosender - DEBUG - Encrypted messages put in a queue to be sent
2025-03-30 21:39:57,694 - telethon.network.mtprotosender - DEBUG - Waiting for messages to send...
2025-03-30 21:39:57,755 - telethon.network.mtprotosender - DEBUG - Handling RPC result for message 7487689632626997880
2025-03-30 21:39:57,755 - telethon.network.mtprotosender - DEBUG - Receiving items from the network...
2025-03-30 21:39:57,772 - telethon.network.mtprotosender - DEBUG - Handling gzipped data
2025-03-30 21:39:57,772 - telethon.network.mtprotosender - DEBUG - Handling update Updates
2025-03-30 21:39:57,772 - telethon.network.mtprotosender - DEBUG - Receiving items from the network...
2025-03-30 21:39:57,773 - __main__ - DEBUG - Message from 7604555402: 📜 **قوانین و شرایط استفاده از ربات سلف ساز | Self Saz**

1️⃣ **پذیرش قوانین**:
• با استفاده از ربات سلف ساز، شما این شرایط را می‌پذیرید.
• در صورت عدم موافقت، لطفاً از ربات استفاده نکنید.

2️⃣ **استفاده مسئولانه**:
• استفاده قانونی و اخلاقی از ربات سلف ساز الزامی است.
• سوءاستفاده منجر به مسدودیت می‌شود.

3️⃣ **حریم خصوصی**:
• اطلاعات شخصی شما در سلف ساز محرمانه می‌ماند.
• داده‌های شما با اشخاص ثالث به اشتراک گذاشته نمی‌شود.

4️⃣ **تغییرات در قوانین**:
• امکان تغییر قوانین در هر زمان وجود دارد.
• ادامه استفاده به معنای پذیرش تغییرات است.

5️⃣ **مسئولیت‌ها**:
• مسئولیت تمام فعالیت‌ها با کاربر است.
• حساب‌های متخلف مسدود خواهند شد.

6️⃣ **محدودیت‌ها**:
• امکان محدودیت خدمات بنا به دلایل فنی.
• حق تعلیق سرویس محفوظ است.

7️⃣ **حذف حساب**:
• مسئولیتی در قبال حذف حساب نداریم.
• پشتیبان‌گیری از داده‌ها توصیه می‌شود.

🔔 با کلیک روی "موافقت می‌کنم"، این شرایط را می‌پذیرید.
2025-03-30 21:39:57,774 - aiosqlite - DEBUG - executing <function connect.<locals>.connector at 0x7fdf080c44a0>
2025-03-30 21:39:57,778 - aiosqlite - DEBUG - operation <function connect.<locals>.connector at 0x7fdf080c44a0> completed
2025-03-30 21:39:57,779 - aiosqlite - DEBUG - executing functools.partial(<built-in method execute of sqlite3.Connection object at 0x7fdf04d8ff10>, 'SELECT step FROM registration_progress WHERE user_id = ?', ('7604555402',))
2025-03-30 21:39:57,782 - aiosqlite - DEBUG - operation functools.partial(<built-in method execute of sqlite3.Connection object at 0x7fdf04d8ff10>, 'SELECT step FROM registration_progress WHERE user_id = ?', ('7604555402',)) completed
2025-03-30 21:39:57,782 - aiosqlite - DEBUG - executing functools.partial(<built-in method fetchone of sqlite3.Cursor object at 0x7fdf04dbc6c0>)
2025-03-30 21:39:57,782 - aiosqlite - DEBUG - operation functools.partial(<built-in method fetchone of sqlite3.Cursor object at 0x7fdf04dbc6c0>) completed
2025-03-30 21:39:57,783 - aiosqlite - DEBUG - executing functools.partial(<built-in method close of sqlite3.Connection object at 0x7fdf04d8ff10>)
2025-03-30 21:39:57,784 - aiosqlite - DEBUG - operation functools.partial(<built-in method close of sqlite3.Connection object at 0x7fdf04d8ff10>) completed
2025-03-30 21:39:57,785 - telethon.extensions.messagepacker - DEBUG - Assigned msg_id = 7487689632998256616 to GetChannelsRequest (7fdf09288a70)
2025-03-30 21:39:57,785 - telethon.network.mtprotosender - DEBUG - Encrypting 1 message(s) in 48 bytes for sending
2025-03-30 21:39:57,785 - telethon.network.mtprotosender - DEBUG - Encrypted messages put in a queue to be sent
2025-03-30 21:39:57,786 - telethon.network.mtprotosender - DEBUG - Waiting for messages to send...
2025-03-30 21:39:57,786 - telethon.extensions.messagepacker - DEBUG - Assigned msg_id = 7487689633003175668 to MsgsAck (7fdf05ad7e00)
2025-03-30 21:39:57,786 - telethon.network.mtprotosender - DEBUG - Encrypting 1 message(s) in 44 bytes for sending
2025-03-30 21:39:57,787 - telethon.network.mtprotosender - DEBUG - Encrypted messages put in a queue to be sent
2025-03-30 21:39:57,787 - telethon.network.mtprotosender - DEBUG - Waiting for messages to send...
2025-03-30 21:39:57,839 - telethon.network.mtprotosender - DEBUG - Handling RPC result for message 7487689632998256616
2025-03-30 21:39:57,839 - telethon.network.mtprotosender - DEBUG - Receiving items from the network...
2025-03-30 21:39:57,840 - telethon.extensions.messagepacker - DEBUG - Assigned msg_id = 7487689633217824868 to GetParticipantRequest (7fdf0571acc0)
2025-03-30 21:39:57,840 - telethon.network.mtprotosender - DEBUG - Encrypting 1 message(s) in 60 bytes for sending
2025-03-30 21:39:57,840 - telethon.network.mtprotosender - DEBUG - Encrypted messages put in a queue to be sent
2025-03-30 21:39:57,840 - telethon.network.mtprotosender - DEBUG - Waiting for messages to send...
2025-03-30 21:39:57,841 - telethon.extensions.messagepacker - DEBUG - Assigned msg_id = 7487689633221417360 to MsgsAck (7fdf05719160)
2025-03-30 21:39:57,841 - telethon.network.mtprotosender - DEBUG - Encrypting 1 message(s) in 36 bytes for sending
2025-03-30 21:39:57,841 - telethon.network.mtprotosender - DEBUG - Encrypted messages put in a queue to be sent
2025-03-30 21:39:57,841 - telethon.network.mtprotosender - DEBUG - Waiting for messages to send...
2025-03-30 21:39:57,895 - telethon.network.mtprotosender - DEBUG - Handling RPC result for message 7487689633217824868
2025-03-30 21:39:57,895 - telethon.network.mtprotosender - DEBUG - Receiving items from the network...
2025-03-30 21:39:59,859 - telethon.network.mtprotosender - DEBUG - Handling gzipped data
2025-03-30 21:39:59,860 - telethon.network.mtprotosender - DEBUG - Handling update Updates
2025-03-30 21:39:59,860 - telethon.network.mtprotosender - DEBUG - Receiving items from the network...
2025-03-30 21:39:59,861 - aiosqlite - DEBUG - executing <function connect.<locals>.connector at 0x7fdf080c4720>
2025-03-30 21:39:59,863 - aiosqlite - DEBUG - operation <function connect.<locals>.connector at 0x7fdf080c4720> completed
2025-03-30 21:39:59,864 - aiosqlite - DEBUG - executing functools.partial(<built-in method execute of sqlite3.Connection object at 0x7fdf0576e2f0>, 'DELETE FROM registration_progress WHERE user_id = ?', ('7150795159',))
2025-03-30 21:39:59,869 - aiosqlite - DEBUG - operation functools.partial(<built-in method execute of sqlite3.Connection object at 0x7fdf0576e2f0>, 'DELETE FROM registration_progress WHERE user_id = ?', ('7150795159',)) completed
2025-03-30 21:39:59,870 - aiosqlite - DEBUG - executing functools.partial(<built-in method commit of sqlite3.Connection object at 0x7fdf0576e2f0>)
2025-03-30 21:39:59,870 - aiosqlite - DEBUG - operation functools.partial(<built-in method commit of sqlite3.Connection object at 0x7fdf0576e2f0>) completed
2025-03-30 21:39:59,871 - aiosqlite - DEBUG - executing functools.partial(<built-in method close of sqlite3.Connection object at 0x7fdf0576e2f0>)
2025-03-30 21:39:59,872 - aiosqlite - DEBUG - operation functools.partial(<built-in method close of sqlite3.Connection object at 0x7fdf0576e2f0>) completed
2025-03-30 21:39:59,873 - telethon.client.updates - ERROR - Unhandled exception on start_handler
Traceback (most recent call last):
  File "/mnt/c/Users/mo/Desktop/self/db.py", line 481, in delete_registration_progress
    async def delete_registration_progress(user_id: str):
                ^^^^^^
NameError: name 'logger' is not defined

During handling of the above exception, another exception occurred:

Traceback (most recent call last):
  File "/home/moh/myenv/lib/python3.12/site-packages/telethon/client/updates.py", line 570, in _dispatch_update
    await callback(event)
  File "/mnt/c/Users/mo/Desktop/self/bot.py", line 396, in start_handler
    await delete_registration_progress(user_id)
  File "/mnt/c/Users/mo/Desktop/self/db.py", line 483, in delete_registration_progress
    try:
        ^
NameError: name 'logger' is not defined
2025-03-30 21:39:59,877 - __main__ - DEBUG - Message from 7150795159: /start
2025-03-30 21:39:59,877 - aiosqlite - DEBUG - executing <function connect.<locals>.connector at 0x7fdf080c4720>
2025-03-30 21:39:59,880 - aiosqlite - DEBUG - operation <function connect.<locals>.connector at 0x7fdf080c4720> completed
2025-03-30 21:39:59,880 - aiosqlite - DEBUG - executing functools.partial(<built-in method execute of sqlite3.Connection object at 0x7fdf0576e3e0>, 'SELECT step FROM registration_progress WHERE user_id = ?', ('7150795159',))
2025-03-30 21:39:59,884 - aiosqlite - DEBUG - operation functools.partial(<built-in method execute of sqlite3.Connection object at 0x7fdf0576e3e0>, 'SELECT step FROM registration_progress WHERE user_id = ?', ('7150795159',)) completed
2025-03-30 21:39:59,884 - aiosqlite - DEBUG - executing functools.partial(<built-in method fetchone of sqlite3.Cursor object at 0x7fdf04dbc740>)
2025-03-30 21:39:59,884 - aiosqlite - DEBUG - operation functools.partial(<built-in method fetchone of sqlite3.Cursor object at 0x7fdf04dbc740>) completed
2025-03-30 21:39:59,885 - aiosqlite - DEBUG - executing functools.partial(<built-in method close of sqlite3.Connection object at 0x7fdf0576e3e0>)
2025-03-30 21:39:59,886 - aiosqlite - DEBUG - operation functools.partial(<built-in method close of sqlite3.Connection object at 0x7fdf0576e3e0>) completed
2025-03-30 21:39:59,886 - telethon.extensions.messagepacker - DEBUG - Assigned msg_id = 7487689641994389708 to GetChannelsRequest (7fdf05ad7d70)
2025-03-30 21:39:59,887 - telethon.network.mtprotosender - DEBUG - Encrypting 1 message(s) in 48 bytes for sending
2025-03-30 21:39:59,887 - telethon.network.mtprotosender - DEBUG - Encrypted messages put in a queue to be sent
2025-03-30 21:39:59,887 - telethon.network.mtprotosender - DEBUG - Waiting for messages to send...
2025-03-30 21:39:59,887 - telethon.extensions.messagepacker - DEBUG - Assigned msg_id = 7487689641998058496 to MsgsAck (7fdf0571bec0)
2025-03-30 21:39:59,888 - telethon.network.mtprotosender - DEBUG - Encrypting 1 message(s) in 44 bytes for sending
2025-03-30 21:39:59,888 - telethon.network.mtprotosender - DEBUG - Encrypted messages put in a queue to be sent
2025-03-30 21:39:59,888 - telethon.network.mtprotosender - DEBUG - Waiting for messages to send...
2025-03-30 21:39:59,950 - telethon.network.mtprotosender - DEBUG - Handling RPC result for message 7487689641994389708
2025-03-30 21:39:59,950 - telethon.network.mtprotosender - DEBUG - Receiving items from the network...
2025-03-30 21:39:59,950 - telethon.extensions.messagepacker - DEBUG - Assigned msg_id = 7487689642250582872 to GetParticipantRequest (7fdf06158440)
2025-03-30 21:39:59,951 - telethon.network.mtprotosender - DEBUG - Encrypting 1 message(s) in 60 bytes for sending
2025-03-30 21:39:59,951 - telethon.network.mtprotosender - DEBUG - Encrypted messages put in a queue to be sent
2025-03-30 21:39:59,951 - telethon.network.mtprotosender - DEBUG - Waiting for messages to send...
2025-03-30 21:39:59,952 - telethon.extensions.messagepacker - DEBUG - Assigned msg_id = 7487689642255680260 to MsgsAck (7fdf05ad7d70)
2025-03-30 21:39:59,952 - telethon.network.mtprotosender - DEBUG - Encrypting 1 message(s) in 36 bytes for sending
2025-03-30 21:39:59,952 - telethon.network.mtprotosender - DEBUG - Encrypted messages put in a queue to be sent
2025-03-30 21:39:59,952 - telethon.network.mtprotosender - DEBUG - Waiting for messages to send...
2025-03-30 21:39:59,978 - telethon.network.mtprotosender - DEBUG - Handling gzipped data
2025-03-30 21:39:59,979 - telethon.network.mtprotosender - DEBUG - Handling update Updates
2025-03-30 21:39:59,979 - telethon.network.mtprotosender - DEBUG - Receiving items from the network...
2025-03-30 21:39:59,980 - __main__ - DEBUG - Message from 7604555402: 📜 **قوانین و شرایط استفاده از ربات سلف ساز | Self Saz**

1️⃣ **پذیرش قوانین**:
• با استفاده از ربات سلف ساز، شما این شرایط را می‌پذیرید.
• در صورت عدم موافقت، لطفاً از ربات استفاده نکنید.

2️⃣ **استفاده مسئولانه**:
• استفاده قانونی و اخلاقی از ربات سلف ساز الزامی است.
• سوءاستفاده منجر به مسدودیت می‌شود.

3️⃣ **حریم خصوصی**:
• اطلاعات شخصی شما در سلف ساز محرمانه می‌ماند.
• داده‌های شما با اشخاص ثالث به اشتراک گذاشته نمی‌شود.

4️⃣ **تغییرات در قوانین**:
• امکان تغییر قوانین در هر زمان وجود دارد.
• ادامه استفاده به معنای پذیرش تغییرات است.

5️⃣ **مسئولیت‌ها**:
• مسئولیت تمام فعالیت‌ها با کاربر است.
• حساب‌های متخلف مسدود خواهند شد.

6️⃣ **محدودیت‌ها**:
• امکان محدودیت خدمات بنا به دلایل فنی.
• حق تعلیق سرویس محفوظ است.

7️⃣ **حذف حساب**:
• مسئولیتی در قبال حذف حساب نداریم.
• پشتیبان‌گیری از داده‌ها توصیه می‌شود.

🔔 با کلیک روی "موافقت می‌کنم"، این شرایط را می‌پذیرید.
2025-03-30 21:39:59,981 - aiosqlite - DEBUG - executing <function connect.<locals>.connector at 0x7fdf080c4720>
2025-03-30 21:39:59,984 - aiosqlite - DEBUG - operation <function connect.<locals>.connector at 0x7fdf080c4720> completed
2025-03-30 21:39:59,985 - aiosqlite - DEBUG - executing functools.partial(<built-in method execute of sqlite3.Connection object at 0x7fdf04dc8130>, 'SELECT step FROM registration_progress WHERE user_id = ?', ('7604555402',))
2025-03-30 21:39:59,988 - aiosqlite - DEBUG - operation functools.partial(<built-in method execute of sqlite3.Connection object at 0x7fdf04dc8130>, 'SELECT step FROM registration_progress WHERE user_id = ?', ('7604555402',)) completed
2025-03-30 21:39:59,988 - aiosqlite - DEBUG - executing functools.partial(<built-in method fetchone of sqlite3.Cursor object at 0x7fdf04dbc8c0>)
2025-03-30 21:39:59,989 - aiosqlite - DEBUG - operation functools.partial(<built-in method fetchone of sqlite3.Cursor object at 0x7fdf04dbc8c0>) completed
2025-03-30 21:39:59,989 - aiosqlite - DEBUG - executing functools.partial(<built-in method close of sqlite3.Connection object at 0x7fdf04dc8130>)
2025-03-30 21:39:59,990 - aiosqlite - DEBUG - operation functools.partial(<built-in method close of sqlite3.Connection object at 0x7fdf04dc8130>) completed
2025-03-30 21:39:59,990 - telethon.extensions.messagepacker - DEBUG - Assigned msg_id = 7487689642409329588 to GetChannelsRequest (7fdf0655fbf0)
2025-03-30 21:39:59,990 - telethon.network.mtprotosender - DEBUG - Encrypting 1 message(s) in 48 bytes for sending
2025-03-30 21:39:59,991 - telethon.network.mtprotosender - DEBUG - Encrypted messages put in a queue to be sent
2025-03-30 21:39:59,991 - telethon.network.mtprotosender - DEBUG - Waiting for messages to send...
2025-03-30 21:39:59,991 - telethon.extensions.messagepacker - DEBUG - Assigned msg_id = 7487689642413350280 to MsgsAck (7fdf0692a3f0)
2025-03-30 21:39:59,991 - telethon.network.mtprotosender - DEBUG - Encrypting 1 message(s) in 36 bytes for sending
2025-03-30 21:39:59,992 - telethon.network.mtprotosender - DEBUG - Encrypted messages put in a queue to be sent
2025-03-30 21:39:59,992 - telethon.network.mtprotosender - DEBUG - Waiting for messages to send...
2025-03-30 21:40:00,014 - telethon.network.mtprotosender - DEBUG - Handling RPC result for message 7487689642250582872
2025-03-30 21:40:00,015 - telethon.network.mtprotosender - DEBUG - Receiving items from the network...
2025-03-30 21:40:00,048 - telethon.network.mtprotosender - DEBUG - Handling RPC result for message 7487689642409329588
2025-03-30 21:40:00,049 - telethon.network.mtprotosender - DEBUG - Receiving items from the network...
2025-03-30 21:40:00,049 - telethon.extensions.messagepacker - DEBUG - Assigned msg_id = 7487689642939403352 to GetParticipantRequest (7fdf09288a70)
2025-03-30 21:40:00,049 - telethon.network.mtprotosender - DEBUG - Encrypting 1 message(s) in 60 bytes for sending
2025-03-30 21:40:00,049 - telethon.network.mtprotosender - DEBUG - Encrypted messages put in a queue to be sent
2025-03-30 21:40:00,050 - telethon.network.mtprotosender - DEBUG - Waiting for messages to send...
2025-03-30 21:40:00,050 - telethon.extensions.messagepacker - DEBUG - Assigned msg_id = 7487689642943060696 to MsgsAck (7fdf073601d0)
2025-03-30 21:40:00,050 - telethon.network.mtprotosender - DEBUG - Encrypting 1 message(s) in 44 bytes for sending
2025-03-30 21:40:00,051 - telethon.network.mtprotosender - DEBUG - Encrypted messages put in a queue to be sent
2025-03-30 21:40:00,051 - telethon.network.mtprotosender - DEBUG - Waiting for messages to send...
2025-03-30 21:40:00,107 - telethon.network.mtprotosender - DEBUG - Handling RPC result for message 7487689642939403352
2025-03-30 21:40:00,108 - telethon.network.mtprotosender - DEBUG - Receiving items from the network...
2025-03-30 21:40:01,795 - telethon.extensions.messagepacker - DEBUG - Assigned msg_id = 7487689650217253148 to PingRequest (7fdf056faa20)
2025-03-30 21:40:01,795 - telethon.network.mtprotosender - DEBUG - Encrypting 1 message(s) in 28 bytes for sending
2025-03-30 21:40:01,795 - telethon.network.mtprotosender - DEBUG - Encrypted messages put in a queue to be sent
2025-03-30 21:40:01,796 - telethon.network.mtprotosender - DEBUG - Waiting for messages to send...
2025-03-30 21:40:01,796 - telethon.extensions.messagepacker - DEBUG - Assigned msg_id = 7487689650222139776 to MsgsAck (7fdf0655fbf0)
2025-03-30 21:40:01,796 - telethon.network.mtprotosender - DEBUG - Encrypting 1 message(s) in 36 bytes for sending
2025-03-30 21:40:01,796 - telethon.network.mtprotosender - DEBUG - Encrypted messages put in a queue to be sent
2025-03-30 21:40:01,797 - telethon.network.mtprotosender - DEBUG - Waiting for messages to send...
2025-03-30 21:40:01,849 - telethon.network.mtprotosender - DEBUG - Handling pong for message 7487689650217253148
2025-03-30 21:40:01,850 - telethon.network.mtprotosender - DEBUG - Receiving items from the network...
2025-03-30 21:40:34,596 - telethon.network.mtprotosender - DEBUG - Handling gzipped data
2025-03-30 21:40:34,597 - telethon.network.mtprotosender - DEBUG - Handling update Updates
2025-03-30 21:40:34,598 - telethon.network.mtprotosender - DEBUG - Receiving items from the network...
2025-03-30 21:40:34,599 - aiosqlite - DEBUG - executing <function connect.<locals>.connector at 0x7fdf080c74c0>
2025-03-30 21:40:34,601 - aiosqlite - DEBUG - operation <function connect.<locals>.connector at 0x7fdf080c74c0> completed
2025-03-30 21:40:34,602 - aiosqlite - DEBUG - executing functools.partial(<built-in method execute of sqlite3.Connection object at 0x7fdf0576f1f0>, 'DELETE FROM registration_progress WHERE user_id = ?', ('7150795159',))
2025-03-30 21:40:34,606 - aiosqlite - DEBUG - operation functools.partial(<built-in method execute of sqlite3.Connection object at 0x7fdf0576f1f0>, 'DELETE FROM registration_progress WHERE user_id = ?', ('7150795159',)) completed
2025-03-30 21:40:34,607 - aiosqlite - DEBUG - executing functools.partial(<built-in method commit of sqlite3.Connection object at 0x7fdf0576f1f0>)
2025-03-30 21:40:34,608 - aiosqlite - DEBUG - operation functools.partial(<built-in method commit of sqlite3.Connection object at 0x7fdf0576f1f0>) completed
2025-03-30 21:40:34,608 - aiosqlite - DEBUG - executing functools.partial(<built-in method close of sqlite3.Connection object at 0x7fdf0576f1f0>)
2025-03-30 21:40:34,609 - aiosqlite - DEBUG - operation functools.partial(<built-in method close of sqlite3.Connection object at 0x7fdf0576f1f0>) completed
2025-03-30 21:40:34,609 - telethon.client.updates - ERROR - Unhandled exception on start_handler
Traceback (most recent call last):
  File "/mnt/c/Users/mo/Desktop/self/db.py", line 481, in delete_registration_progress
    """Delete registration progress."""
            ^^^^^^
NameError: name 'logger' is not defined

During handling of the above exception, another exception occurred:

Traceback (most recent call last):
  File "/home/moh/myenv/lib/python3.12/site-packages/telethon/client/updates.py", line 570, in _dispatch_update
    await callback(event)
  File "/mnt/c/Users/mo/Desktop/self/bot.py", line 396, in start_handler
    await delete_registration_progress(user_id)
  File "/mnt/c/Users/mo/Desktop/self/db.py", line 483, in delete_registration_progress
    async with db_connection() as conn:
    ^^^^^^
NameError: name 'logger' is not defined
2025-03-30 21:40:34,618 - __main__ - DEBUG - Message from 7150795159: /start
2025-03-30 21:40:34,618 - aiosqlite - DEBUG - executing <function connect.<locals>.connector at 0x7fdf080c7740>
2025-03-30 21:40:34,621 - aiosqlite - DEBUG - operation <function connect.<locals>.connector at 0x7fdf080c7740> completed
2025-03-30 21:40:34,622 - aiosqlite - DEBUG - executing functools.partial(<built-in method execute of sqlite3.Connection object at 0x7fdf0576f1f0>, 'SELECT step FROM registration_progress WHERE user_id = ?', ('7150795159',))
2025-03-30 21:40:34,625 - aiosqlite - DEBUG - operation functools.partial(<built-in method execute of sqlite3.Connection object at 0x7fdf0576f1f0>, 'SELECT step FROM registration_progress WHERE user_id = ?', ('7150795159',)) completed
2025-03-30 21:40:34,625 - aiosqlite - DEBUG - executing functools.partial(<built-in method fetchone of sqlite3.Cursor object at 0x7fdf0577df40>)
2025-03-30 21:40:34,626 - aiosqlite - DEBUG - operation functools.partial(<built-in method fetchone of sqlite3.Cursor object at 0x7fdf0577df40>) completed
2025-03-30 21:40:34,626 - aiosqlite - DEBUG - executing functools.partial(<built-in method close of sqlite3.Connection object at 0x7fdf0576f1f0>)
2025-03-30 21:40:34,627 - aiosqlite - DEBUG - operation functools.partial(<built-in method close of sqlite3.Connection object at 0x7fdf0576f1f0>) completed
2025-03-30 21:40:34,628 - telethon.extensions.messagepacker - DEBUG - Assigned msg_id = 7487689791284637588 to GetChannelsRequest (7fdf0571af60)
2025-03-30 21:40:34,628 - telethon.network.mtprotosender - DEBUG - Encrypting 1 message(s) in 48 bytes for sending
2025-03-30 21:40:34,629 - telethon.network.mtprotosender - DEBUG - Encrypted messages put in a queue to be sent
2025-03-30 21:40:34,629 - telethon.network.mtprotosender - DEBUG - Waiting for messages to send...
2025-03-30 21:40:34,629 - telethon.extensions.messagepacker - DEBUG - Assigned msg_id = 7487689791289048328 to MsgsAck (7fdf0571aa50)
2025-03-30 21:40:34,629 - telethon.network.mtprotosender - DEBUG - Encrypting 1 message(s) in 44 bytes for sending
2025-03-30 21:40:34,630 - telethon.network.mtprotosender - DEBUG - Encrypted messages put in a queue to be sent
2025-03-30 21:40:34,630 - telethon.network.mtprotosender - DEBUG - Waiting for messages to send...
2025-03-30 21:40:34,693 - telethon.network.mtprotosender - DEBUG - Handling RPC result for message 7487689791284637588
2025-03-30 21:40:34,694 - telethon.network.mtprotosender - DEBUG - Receiving items from the network...
2025-03-30 21:40:34,694 - telethon.extensions.messagepacker - DEBUG - Assigned msg_id = 7487689791550156728 to GetParticipantRequest (7fdf092888f0)
2025-03-30 21:40:34,695 - telethon.network.mtprotosender - DEBUG - Encrypting 1 message(s) in 60 bytes for sending
2025-03-30 21:40:34,695 - telethon.network.mtprotosender - DEBUG - Encrypted messages put in a queue to be sent
2025-03-30 21:40:34,695 - telethon.network.mtprotosender - DEBUG - Waiting for messages to send...
2025-03-30 21:40:34,695 - telethon.extensions.messagepacker - DEBUG - Assigned msg_id = 7487689791554672376 to MsgsAck (7fdf05ad68a0)
2025-03-30 21:40:34,696 - telethon.network.mtprotosender - DEBUG - Encrypting 1 message(s) in 36 bytes for sending
2025-03-30 21:40:34,696 - telethon.network.mtprotosender - DEBUG - Encrypted messages put in a queue to be sent
2025-03-30 21:40:34,696 - telethon.network.mtprotosender - DEBUG - Waiting for messages to send...
2025-03-30 21:40:34,735 - telethon.network.mtprotosender - DEBUG - Handling acknowledge for [7487689791550156728]
2025-03-30 21:40:34,735 - telethon.network.mtprotosender - DEBUG - Receiving items from the network...
2025-03-30 21:40:34,736 - telethon.network.mtprotosender - DEBUG - Handling gzipped data
2025-03-30 21:40:34,736 - telethon.network.mtprotosender - DEBUG - Handling update Updates
2025-03-30 21:40:34,736 - telethon.network.mtprotosender - DEBUG - Receiving items from the network...
2025-03-30 21:40:34,737 - __main__ - DEBUG - Message from 7604555402: 📜 **قوانین و شرایط استفاده از ربات سلف ساز | Self Saz**

1️⃣ **پذیرش قوانین**:
• با استفاده از ربات سلف ساز، شما این شرایط را می‌پذیرید.
• در صورت عدم موافقت، لطفاً از ربات استفاده نکنید.

2️⃣ **استفاده مسئولانه**:
• استفاده قانونی و اخلاقی از ربات سلف ساز الزامی است.
• سوءاستفاده منجر به مسدودیت می‌شود.

3️⃣ **حریم خصوصی**:
• اطلاعات شخصی شما در سلف ساز محرمانه می‌ماند.
• داده‌های شما با اشخاص ثالث به اشتراک گذاشته نمی‌شود.

4️⃣ **تغییرات در قوانین**:
• امکان تغییر قوانین در هر زمان وجود دارد.
• ادامه استفاده به معنای پذیرش تغییرات است.

5️⃣ **مسئولیت‌ها**:
• مسئولیت تمام فعالیت‌ها با کاربر است.
• حساب‌های متخلف مسدود خواهند شد.

6️⃣ **محدودیت‌ها**:
• امکان محدودیت خدمات بنا به دلایل فنی.
• حق تعلیق سرویس محفوظ است.

7️⃣ **حذف حساب**:
• مسئولیتی در قبال حذف حساب نداریم.
• پشتیبان‌گیری از داده‌ها توصیه می‌شود.

🔔 با کلیک روی "موافقت می‌کنم"، این شرایط را می‌پذیرید.
2025-03-30 21:40:34,738 - aiosqlite - DEBUG - executing <function connect.<locals>.connector at 0x7fdf080c7240>
2025-03-30 21:40:34,740 - aiosqlite - DEBUG - operation <function connect.<locals>.connector at 0x7fdf080c7240> completed
2025-03-30 21:40:34,741 - aiosqlite - DEBUG - executing functools.partial(<built-in method execute of sqlite3.Connection object at 0x7fdf04dc8220>, 'SELECT step FROM registration_progress WHERE user_id = ?', ('7604555402',))
2025-03-30 21:40:34,744 - aiosqlite - DEBUG - operation functools.partial(<built-in method execute of sqlite3.Connection object at 0x7fdf04dc8220>, 'SELECT step FROM registration_progress WHERE user_id = ?', ('7604555402',)) completed
2025-03-30 21:40:34,745 - aiosqlite - DEBUG - executing functools.partial(<built-in method fetchone of sqlite3.Cursor object at 0x7fdf04dbcbc0>)
2025-03-30 21:40:34,745 - aiosqlite - DEBUG - operation functools.partial(<built-in method fetchone of sqlite3.Cursor object at 0x7fdf04dbcbc0>) completed
2025-03-30 21:40:34,745 - aiosqlite - DEBUG - executing functools.partial(<built-in method close of sqlite3.Connection object at 0x7fdf04dc8220>)
2025-03-30 21:40:34,747 - aiosqlite - DEBUG - operation functools.partial(<built-in method close of sqlite3.Connection object at 0x7fdf04dc8220>) completed
2025-03-30 21:40:34,747 - telethon.extensions.messagepacker - DEBUG - Assigned msg_id = 7487689791760995048 to GetChannelsRequest (7fdf0571bbf0)
2025-03-30 21:40:34,747 - telethon.network.mtprotosender - DEBUG - Encrypting 1 message(s) in 48 bytes for sending
2025-03-30 21:40:34,748 - telethon.network.mtprotosender - DEBUG - Encrypted messages put in a queue to be sent
2025-03-30 21:40:34,748 - telethon.network.mtprotosender - DEBUG - Waiting for messages to send...
2025-03-30 21:40:34,748 - telethon.extensions.messagepacker - DEBUG - Assigned msg_id = 7487689791764885084 to MsgsAck (7fdf08167260)
2025-03-30 21:40:34,748 - telethon.network.mtprotosender - DEBUG - Encrypting 1 message(s) in 44 bytes for sending
2025-03-30 21:40:34,749 - telethon.network.mtprotosender - DEBUG - Encrypted messages put in a queue to be sent
2025-03-30 21:40:34,749 - telethon.network.mtprotosender - DEBUG - Waiting for messages to send...
2025-03-30 21:40:34,771 - telethon.network.mtprotosender - DEBUG - Handling RPC result for message 7487689791550156728
2025-03-30 21:40:34,772 - telethon.network.mtprotosender - DEBUG - Receiving items from the network...
2025-03-30 21:40:34,804 - telethon.network.mtprotosender - DEBUG - Handling RPC result for message 7487689791760995048
2025-03-30 21:40:34,805 - telethon.network.mtprotosender - DEBUG - Receiving items from the network...
2025-03-30 21:40:34,805 - telethon.extensions.messagepacker - DEBUG - Assigned msg_id = 7487689791994163648 to GetParticipantRequest (7fdf05c680b0)
2025-03-30 21:40:34,806 - telethon.network.mtprotosender - DEBUG - Encrypting 1 message(s) in 60 bytes for sending
2025-03-30 21:40:34,806 - telethon.network.mtprotosender - DEBUG - Encrypted messages put in a queue to be sent
2025-03-30 21:40:34,806 - telethon.network.mtprotosender - DEBUG - Waiting for messages to send...
2025-03-30 21:40:34,806 - telethon.extensions.messagepacker - DEBUG - Assigned msg_id = 7487689791998597280 to MsgsAck (7fdf056faa20)
2025-03-30 21:40:34,807 - telethon.network.mtprotosender - DEBUG - Encrypting 1 message(s) in 44 bytes for sending
2025-03-30 21:40:34,807 - telethon.network.mtprotosender - DEBUG - Encrypted messages put in a queue to be sent
2025-03-30 21:40:34,807 - telethon.network.mtprotosender - DEBUG - Waiting for messages to send...
2025-03-30 21:40:34,860 - telethon.network.mtprotosender - DEBUG - Handling RPC result for message 7487689791994163648
2025-03-30 21:40:34,861 - telethon.network.mtprotosender - DEBUG - Receiving items from the network...
2025-03-30 21:40:42,747 - telethon.network.mtprotosender - DEBUG - Handling update Updates
2025-03-30 21:40:42,748 - telethon.network.mtprotosender - DEBUG - Receiving items from the network...
2025-03-30 21:40:45,993 - telethon.network.mtprotosender - DEBUG - Handling update UpdateShort
2025-03-30 21:40:45,994 - telethon.network.mtprotosender - DEBUG - Receiving items from the network...
2025-03-30 21:41:00,819 - telethon.extensions.messagepacker - DEBUG - Assigned msg_id = 7487689903718424276 to PingRequest (7fdf07360a10)
2025-03-30 21:41:00,820 - telethon.network.mtprotosender - DEBUG - Encrypting 1 message(s) in 28 bytes for sending
2025-03-30 21:41:00,820 - telethon.network.mtprotosender - DEBUG - Encrypted messages put in a queue to be sent
2025-03-30 21:41:00,820 - telethon.network.mtprotosender - DEBUG - Waiting for messages to send...
2025-03-30 21:41:00,821 - telethon.extensions.messagepacker - DEBUG - Assigned msg_id = 7487689903723890736 to MsgsAck (7fdf092888f0)
2025-03-30 21:41:00,821 - telethon.network.mtprotosender - DEBUG - Encrypting 1 message(s) in 52 bytes for sending
2025-03-30 21:41:00,821 - telethon.network.mtprotosender - DEBUG - Encrypted messages put in a queue to be sent
2025-03-30 21:41:00,821 - telethon.network.mtprotosender - DEBUG - Waiting for messages to send...
2025-03-30 21:41:00,866 - telethon.network.mtprotosender - DEBUG - Handling pong for message 7487689903718424276
2025-03-30 21:41:00,866 - telethon.network.mtprotosender - DEBUG - Receiving items from the network...
2025-03-30 21:41:02,426 - telethon.network.mtprotosender - DEBUG - Handling gzipped data
2025-03-30 21:41:02,427 - telethon.network.mtprotosender - DEBUG - Handling update Updates
2025-03-30 21:41:02,427 - telethon.network.mtprotosender - DEBUG - Receiving items from the network...
2025-03-30 21:41:02,428 - aiosqlite - DEBUG - executing <function connect.<locals>.connector at 0x7fdf080c4220>
2025-03-30 21:41:02,430 - aiosqlite - DEBUG - operation <function connect.<locals>.connector at 0x7fdf080c4220> completed
2025-03-30 21:41:02,431 - aiosqlite - DEBUG - executing functools.partial(<built-in method execute of sqlite3.Connection object at 0x7fdf0576e3e0>, 'DELETE FROM registration_progress WHERE user_id = ?', ('7560092266',))
2025-03-30 21:41:02,438 - aiosqlite - DEBUG - operation functools.partial(<built-in method execute of sqlite3.Connection object at 0x7fdf0576e3e0>, 'DELETE FROM registration_progress WHERE user_id = ?', ('7560092266',)) completed
2025-03-30 21:41:02,439 - aiosqlite - DEBUG - executing functools.partial(<built-in method commit of sqlite3.Connection object at 0x7fdf0576e3e0>)
2025-03-30 21:41:02,443 - aiosqlite - DEBUG - operation functools.partial(<built-in method commit of sqlite3.Connection object at 0x7fdf0576e3e0>) completed
2025-03-30 21:41:02,444 - aiosqlite - DEBUG - executing functools.partial(<built-in method close of sqlite3.Connection object at 0x7fdf0576e3e0>)
2025-03-30 21:41:02,445 - aiosqlite - DEBUG - operation functools.partial(<built-in method close of sqlite3.Connection object at 0x7fdf0576e3e0>) completed
2025-03-30 21:41:02,446 - telethon.client.updates - ERROR - Unhandled exception on start_handler
Traceback (most recent call last):
  File "/mnt/c/Users/mo/Desktop/self/db.py", line 481, in delete_registration_progress
    """Delete registration progress."""
            ^^^^^^
NameError: name 'logger' is not defined

During handling of the above exception, another exception occurred:

Traceback (most recent call last):
  File "/home/moh/myenv/lib/python3.12/site-packages/telethon/client/updates.py", line 570, in _dispatch_update
    await callback(event)
  File "/mnt/c/Users/mo/Desktop/self/bot.py", line 396, in start_handler
    await delete_registration_progress(user_id)
  File "/mnt/c/Users/mo/Desktop/self/db.py", line 483, in delete_registration_progress
    async with db_connection() as conn:
    ^^^^^^
NameError: name 'logger' is not defined
2025-03-30 21:41:02,450 - __main__ - DEBUG - Message from 7560092266: /start
2025-03-30 21:41:02,450 - aiosqlite - DEBUG - executing <function connect.<locals>.connector at 0x7fdf4dc60180>
2025-03-30 21:41:02,453 - aiosqlite - DEBUG - operation <function connect.<locals>.connector at 0x7fdf4dc60180> completed
2025-03-30 21:41:02,454 - aiosqlite - DEBUG - executing functools.partial(<built-in method execute of sqlite3.Connection object at 0x7fdf0576e3e0>, 'SELECT step FROM registration_progress WHERE user_id = ?', ('7560092266',))
2025-03-30 21:41:02,457 - aiosqlite - DEBUG - operation functools.partial(<built-in method execute of sqlite3.Connection object at 0x7fdf0576e3e0>, 'SELECT step FROM registration_progress WHERE user_id = ?', ('7560092266',)) completed
2025-03-30 21:41:02,457 - aiosqlite - DEBUG - executing functools.partial(<built-in method fetchone of sqlite3.Cursor object at 0x7fdf04dbc940>)
2025-03-30 21:41:02,457 - aiosqlite - DEBUG - operation functools.partial(<built-in method fetchone of sqlite3.Cursor object at 0x7fdf04dbc940>) completed
2025-03-30 21:41:02,458 - aiosqlite - DEBUG - executing functools.partial(<built-in method close of sqlite3.Connection object at 0x7fdf0576e3e0>)
2025-03-30 21:41:02,458 - aiosqlite - DEBUG - operation functools.partial(<built-in method close of sqlite3.Connection object at 0x7fdf0576e3e0>) completed
2025-03-30 21:41:02,459 - telethon.extensions.messagepacker - DEBUG - Assigned msg_id = 7487689910867323596 to GetChannelsRequest (7fdf0571bda0)
2025-03-30 21:41:02,459 - telethon.network.mtprotosender - DEBUG - Encrypting 1 message(s) in 48 bytes for sending
2025-03-30 21:41:02,459 - telethon.network.mtprotosender - DEBUG - Encrypted messages put in a queue to be sent
2025-03-30 21:41:02,460 - telethon.network.mtprotosender - DEBUG - Waiting for messages to send...
2025-03-30 21:41:02,460 - telethon.extensions.messagepacker - DEBUG - Assigned msg_id = 7487689910871635160 to MsgsAck (7fdf0571ade0)
2025-03-30 21:41:02,460 - telethon.network.mtprotosender - DEBUG - Encrypting 1 message(s) in 44 bytes for sending
2025-03-30 21:41:02,461 - telethon.network.mtprotosender - DEBUG - Encrypted messages put in a queue to be sent
2025-03-30 21:41:02,461 - telethon.network.mtprotosender - DEBUG - Waiting for messages to send...
2025-03-30 21:41:02,595 - telethon.network.mtprotosender - DEBUG - Handling RPC result for message 7487689910867323596
2025-03-30 21:41:02,595 - telethon.network.mtprotosender - DEBUG - Receiving items from the network...
2025-03-30 21:41:02,596 - telethon.extensions.messagepacker - DEBUG - Assigned msg_id = 7487689911415562352 to GetParticipantRequest (7fdf09288980)
2025-03-30 21:41:02,596 - telethon.network.mtprotosender - DEBUG - Encrypting 1 message(s) in 60 bytes for sending
2025-03-30 21:41:02,597 - telethon.network.mtprotosender - DEBUG - Encrypted messages put in a queue to be sent
2025-03-30 21:41:02,597 - telethon.network.mtprotosender - DEBUG - Waiting for messages to send...
2025-03-30 21:41:02,597 - telethon.extensions.messagepacker - DEBUG - Assigned msg_id = 7487689911419766148 to MsgsAck (7fdf05719610)
2025-03-30 21:41:02,597 - telethon.network.mtprotosender - DEBUG - Encrypting 1 message(s) in 36 bytes for sending
2025-03-30 21:41:02,597 - telethon.network.mtprotosender - DEBUG - Encrypted messages put in a queue to be sent
2025-03-30 21:41:02,598 - telethon.network.mtprotosender - DEBUG - Waiting for messages to send...
2025-03-30 21:41:02,610 - telethon.network.mtprotosender - DEBUG - Handling gzipped data
2025-03-30 21:41:02,611 - telethon.network.mtprotosender - DEBUG - Handling update Updates
2025-03-30 21:41:02,611 - telethon.network.mtprotosender - DEBUG - Receiving items from the network...
2025-03-30 21:41:02,612 - __main__ - DEBUG - Message from 7604555402: 📜 **قوانین و شرایط استفاده از ربات سلف ساز | Self Saz**

1️⃣ **پذیرش قوانین**:
• با استفاده از ربات سلف ساز، شما این شرایط را می‌پذیرید.
• در صورت عدم موافقت، لطفاً از ربات استفاده نکنید.

2️⃣ **استفاده مسئولانه**:
• استفاده قانونی و اخلاقی از ربات سلف ساز الزامی است.
• سوءاستفاده منجر به مسدودیت می‌شود.

3️⃣ **حریم خصوصی**:
• اطلاعات شخصی شما در سلف ساز محرمانه می‌ماند.
• داده‌های شما با اشخاص ثالث به اشتراک گذاشته نمی‌شود.

4️⃣ **تغییرات در قوانین**:
• امکان تغییر قوانین در هر زمان وجود دارد.
• ادامه استفاده به معنای پذیرش تغییرات است.

5️⃣ **مسئولیت‌ها**:
• مسئولیت تمام فعالیت‌ها با کاربر است.
• حساب‌های متخلف مسدود خواهند شد.

6️⃣ **محدودیت‌ها**:
• امکان محدودیت خدمات بنا به دلایل فنی.
• حق تعلیق سرویس محفوظ است.

7️⃣ **حذف حساب**:
• مسئولیتی در قبال حذف حساب نداریم.
• پشتیبان‌گیری از داده‌ها توصیه می‌شود.

🔔 با کلیک روی "موافقت می‌کنم"، این شرایط را می‌پذیرید.
2025-03-30 21:41:02,612 - aiosqlite - DEBUG - executing <function connect.<locals>.connector at 0x7fdf080c4220>
2025-03-30 21:41:02,615 - aiosqlite - DEBUG - operation <function connect.<locals>.connector at 0x7fdf080c4220> completed
2025-03-30 21:41:02,615 - aiosqlite - DEBUG - executing functools.partial(<built-in method execute of sqlite3.Connection object at 0x7fdf0576f4c0>, 'SELECT step FROM registration_progress WHERE user_id = ?', ('7604555402',))
2025-03-30 21:41:02,619 - aiosqlite - DEBUG - operation functools.partial(<built-in method execute of sqlite3.Connection object at 0x7fdf0576f4c0>, 'SELECT step FROM registration_progress WHERE user_id = ?', ('7604555402',)) completed
2025-03-30 21:41:02,619 - aiosqlite - DEBUG - executing functools.partial(<built-in method fetchone of sqlite3.Cursor object at 0x7fdf04dbcc40>)
2025-03-30 21:41:02,619 - aiosqlite - DEBUG - operation functools.partial(<built-in method fetchone of sqlite3.Cursor object at 0x7fdf04dbcc40>) completed
2025-03-30 21:41:02,620 - aiosqlite - DEBUG - executing functools.partial(<built-in method close of sqlite3.Connection object at 0x7fdf0576f4c0>)
2025-03-30 21:41:02,620 - aiosqlite - DEBUG - operation functools.partial(<built-in method close of sqlite3.Connection object at 0x7fdf0576f4c0>) completed
2025-03-30 21:41:02,621 - telethon.extensions.messagepacker - DEBUG - Assigned msg_id = 7487689911515486440 to GetChannelsRequest (7fdf0571aba0)
2025-03-30 21:41:02,621 - telethon.network.mtprotosender - DEBUG - Encrypting 1 message(s) in 48 bytes for sending
2025-03-30 21:41:02,622 - telethon.network.mtprotosender - DEBUG - Encrypted messages put in a queue to be sent
2025-03-30 21:41:02,622 - telethon.network.mtprotosender - DEBUG - Waiting for messages to send...
2025-03-30 21:41:02,622 - telethon.extensions.messagepacker - DEBUG - Assigned msg_id = 7487689911520497996 to MsgsAck (7fdf078e9190)
2025-03-30 21:41:02,622 - telethon.network.mtprotosender - DEBUG - Encrypting 1 message(s) in 36 bytes for sending
2025-03-30 21:41:02,623 - telethon.network.mtprotosender - DEBUG - Encrypted messages put in a queue to be sent
2025-03-30 21:41:02,623 - telethon.network.mtprotosender - DEBUG - Waiting for messages to send...
2025-03-30 21:41:02,717 - telethon.network.mtprotosender - DEBUG - Handling container
2025-03-30 21:41:02,718 - telethon.network.mtprotosender - DEBUG - Handling RPC result for message 7487689911415562352
2025-03-30 21:41:02,718 - telethon.network.mtprotosender - DEBUG - Handling acknowledge for [7487689911515486440]
2025-03-30 21:41:02,718 - telethon.network.mtprotosender - DEBUG - Receiving items from the network...
2025-03-30 21:41:02,735 - telethon.network.mtprotosender - DEBUG - Handling RPC result for message 7487689911515486440
2025-03-30 21:41:02,735 - telethon.network.mtprotosender - DEBUG - Receiving items from the network...
2025-03-30 21:41:02,736 - telethon.extensions.messagepacker - DEBUG - Assigned msg_id = 7487689911974267680 to GetParticipantRequest (7fdf07360a10)
2025-03-30 21:41:02,736 - telethon.network.mtprotosender - DEBUG - Encrypting 1 message(s) in 60 bytes for sending
2025-03-30 21:41:02,736 - telethon.network.mtprotosender - DEBUG - Encrypted messages put in a queue to be sent
2025-03-30 21:41:02,736 - telethon.network.mtprotosender - DEBUG - Waiting for messages to send...
2025-03-30 21:41:02,737 - telethon.extensions.messagepacker - DEBUG - Assigned msg_id = 7487689911978469572 to MsgsAck (7fdf09288980)
2025-03-30 21:41:02,737 - telethon.network.mtprotosender - DEBUG - Encrypting 1 message(s) in 60 bytes for sending
2025-03-30 21:41:02,737 - telethon.network.mtprotosender - DEBUG - Encrypted messages put in a queue to be sent
2025-03-30 21:41:02,737 - telethon.network.mtprotosender - DEBUG - Waiting for messages to send...
2025-03-30 21:41:02,851 - telethon.network.mtprotosender - DEBUG - Handling RPC result for message 7487689911974267680
2025-03-30 21:41:02,851 - telethon.network.mtprotosender - DEBUG - Receiving items from the network...
2025-03-30 21:41:04,309 - telethon.network.mtprotosender - DEBUG - Handling update Updates
2025-03-30 21:41:04,309 - telethon.network.mtprotosender - DEBUG - Receiving items from the network...
2025-03-30 21:41:04,310 - telethon.extensions.messagepacker - DEBUG - Assigned msg_id = 7487689918863642656 to SendMessageRequest (7fdf056fbda0)
2025-03-30 21:41:04,311 - telethon.extensions.messagepacker - DEBUG - Assigned msg_id = 7487689918864986384 to SetBotCallbackAnswerRequest (7fdf0692a3f0)
2025-03-30 21:41:04,311 - telethon.network.mtprotosender - DEBUG - Encrypting 2 message(s) in 164 bytes for sending
2025-03-30 21:41:04,311 - telethon.network.mtprotosender - DEBUG - Encrypted messages put in a queue to be sent
2025-03-30 21:41:04,312 - telethon.network.mtprotosender - DEBUG - Waiting for messages to send...
2025-03-30 21:41:04,312 - telethon.extensions.messagepacker - DEBUG - Assigned msg_id = 7487689918868927920 to MsgsAck (7fdf0572cfe0)
2025-03-30 21:41:04,312 - telethon.network.mtprotosender - DEBUG - Encrypting 1 message(s) in 44 bytes for sending
2025-03-30 21:41:04,312 - telethon.network.mtprotosender - DEBUG - Encrypted messages put in a queue to be sent
2025-03-30 21:41:04,312 - telethon.network.mtprotosender - DEBUG - Waiting for messages to send...
2025-03-30 21:41:04,397 - telethon.network.mtprotosender - DEBUG - Handling container
2025-03-30 21:41:04,398 - telethon.network.mtprotosender - DEBUG - Handling RPC result for message 7487689918864986384
2025-03-30 21:41:04,398 - telethon.network.mtprotosender - DEBUG - Handling acknowledge for [7487689918863642656]
2025-03-30 21:41:04,398 - telethon.network.mtprotosender - DEBUG - Receiving items from the network...
2025-03-30 21:41:04,399 - telethon.network.mtprotosender - DEBUG - Handling gzipped data
2025-03-30 21:41:04,399 - telethon.network.mtprotosender - DEBUG - Handling update Updates
2025-03-30 21:41:04,399 - telethon.network.mtprotosender - DEBUG - Receiving items from the network...
2025-03-30 21:41:04,400 - __main__ - DEBUG - Message from 7604555402: درحال پردازش ⏳ | سلف ساز
2025-03-30 21:41:04,400 - aiosqlite - DEBUG - executing <function connect.<locals>.connector at 0x7fdf080c4720>
2025-03-30 21:41:04,403 - aiosqlite - DEBUG - operation <function connect.<locals>.connector at 0x7fdf080c4720> completed
2025-03-30 21:41:04,404 - aiosqlite - DEBUG - executing functools.partial(<built-in method execute of sqlite3.Connection object at 0x7fdf0576e3e0>, 'SELECT step FROM registration_progress WHERE user_id = ?', ('7604555402',))
2025-03-30 21:41:04,406 - aiosqlite - DEBUG - operation functools.partial(<built-in method execute of sqlite3.Connection object at 0x7fdf0576e3e0>, 'SELECT step FROM registration_progress WHERE user_id = ?', ('7604555402',)) completed
2025-03-30 21:41:04,407 - aiosqlite - DEBUG - executing functools.partial(<built-in method fetchone of sqlite3.Cursor object at 0x7fdf04dbca40>)
2025-03-30 21:41:04,407 - aiosqlite - DEBUG - operation functools.partial(<built-in method fetchone of sqlite3.Cursor object at 0x7fdf04dbca40>) completed
2025-03-30 21:41:04,407 - aiosqlite - DEBUG - executing functools.partial(<built-in method close of sqlite3.Connection object at 0x7fdf0576e3e0>)
2025-03-30 21:41:04,408 - aiosqlite - DEBUG - operation functools.partial(<built-in method close of sqlite3.Connection object at 0x7fdf0576e3e0>) completed
2025-03-30 21:41:04,409 - telethon.extensions.messagepacker - DEBUG - Assigned msg_id = 7487689919256649936 to GetChannelsRequest (7fdf0571aa80)
2025-03-30 21:41:04,409 - telethon.network.mtprotosender - DEBUG - Encrypting 1 message(s) in 48 bytes for sending
2025-03-30 21:41:04,409 - telethon.network.mtprotosender - DEBUG - Encrypted messages put in a queue to be sent
2025-03-30 21:41:04,409 - telethon.network.mtprotosender - DEBUG - Waiting for messages to send...
2025-03-30 21:41:04,410 - telethon.extensions.messagepacker - DEBUG - Assigned msg_id = 7487689919260096516 to MsgsAck (7fdf073601d0)
2025-03-30 21:41:04,410 - telethon.network.mtprotosender - DEBUG - Encrypting 1 message(s) in 60 bytes for sending
2025-03-30 21:41:04,410 - telethon.network.mtprotosender - DEBUG - Encrypted messages put in a queue to be sent
2025-03-30 21:41:04,410 - telethon.network.mtprotosender - DEBUG - Waiting for messages to send...
2025-03-30 21:41:04,439 - telethon.network.mtprotosender - DEBUG - Handling RPC result for message 7487689918863642656
2025-03-30 21:41:04,439 - telethon.network.mtprotosender - DEBUG - Receiving items from the network...
2025-03-30 21:41:04,531 - telethon.network.mtprotosender - DEBUG - Handling RPC result for message 7487689919256649936
2025-03-30 21:41:04,531 - telethon.network.mtprotosender - DEBUG - Receiving items from the network...
2025-03-30 21:41:04,532 - telethon.extensions.messagepacker - DEBUG - Assigned msg_id = 7487689919747919048 to GetParticipantRequest (7fdf056fbda0)
2025-03-30 21:41:04,532 - telethon.network.mtprotosender - DEBUG - Encrypting 1 message(s) in 60 bytes for sending
2025-03-30 21:41:04,532 - telethon.network.mtprotosender - DEBUG - Encrypted messages put in a queue to be sent
2025-03-30 21:41:04,532 - telethon.network.mtprotosender - DEBUG - Waiting for messages to send...
2025-03-30 21:41:04,532 - telethon.extensions.messagepacker - DEBUG - Assigned msg_id = 7487689919751417124 to MsgsAck (7fdf0571aa80)
2025-03-30 21:41:04,533 - telethon.network.mtprotosender - DEBUG - Encrypting 1 message(s) in 44 bytes for sending
2025-03-30 21:41:04,533 - telethon.network.mtprotosender - DEBUG - Encrypted messages put in a queue to be sent
2025-03-30 21:41:04,533 - telethon.network.mtprotosender - DEBUG - Waiting for messages to send...
2025-03-30 21:41:04,641 - telethon.network.mtprotosender - DEBUG - Handling RPC result for message 7487689919747919048
2025-03-30 21:41:04,642 - telethon.network.mtprotosender - DEBUG - Receiving items from the network...
2025-03-30 21:41:04,945 - telethon.extensions.messagepacker - DEBUG - Assigned msg_id = 7487689921400945628 to EditMessageRequest (7fdf05ad68a0)
2025-03-30 21:41:04,945 - telethon.network.mtprotosender - DEBUG - Encrypting 1 message(s) in 108 bytes for sending
2025-03-30 21:41:04,946 - telethon.network.mtprotosender - DEBUG - Encrypted messages put in a queue to be sent
2025-03-30 21:41:04,946 - telethon.network.mtprotosender - DEBUG - Waiting for messages to send...
2025-03-30 21:41:04,946 - telethon.extensions.messagepacker - DEBUG - Assigned msg_id = 7487689921407552684 to MsgsAck (7fdf0655fbf0)
2025-03-30 21:41:04,947 - telethon.network.mtprotosender - DEBUG - Encrypting 1 message(s) in 36 bytes for sending
2025-03-30 21:41:04,947 - telethon.network.mtprotosender - DEBUG - Encrypted messages put in a queue to be sent
2025-03-30 21:41:04,947 - telethon.network.mtprotosender - DEBUG - Waiting for messages to send...
2025-03-30 21:41:05,030 - telethon.network.mtprotosender - DEBUG - Handling container
2025-03-30 21:41:05,030 - telethon.network.mtprotosender - DEBUG - Handling gzipped data
2025-03-30 21:41:05,030 - telethon.network.mtprotosender - DEBUG - Handling update Updates
2025-03-30 21:41:05,031 - telethon.network.mtprotosender - DEBUG - Handling acknowledge for [7487689921400945628]
2025-03-30 21:41:05,031 - telethon.network.mtprotosender - DEBUG - Receiving items from the network...
2025-03-30 21:41:05,078 - telethon.network.mtprotosender - DEBUG - Handling RPC result for message 7487689921400945628
2025-03-30 21:41:05,079 - telethon.network.mtprotosender - DEBUG - Receiving items from the network...
2025-03-30 21:41:05,582 - telethon.extensions.messagepacker - DEBUG - Assigned msg_id = 7487689924245254124 to EditMessageRequest (7fdf05ad68a0)
2025-03-30 21:41:05,583 - telethon.network.mtprotosender - DEBUG - Encrypting 1 message(s) in 100 bytes for sending
2025-03-30 21:41:05,583 - telethon.network.mtprotosender - DEBUG - Encrypted messages put in a queue to be sent
2025-03-30 21:41:05,583 - telethon.network.mtprotosender - DEBUG - Waiting for messages to send...
2025-03-30 21:41:05,583 - telethon.extensions.messagepacker - DEBUG - Assigned msg_id = 7487689924250349608 to MsgsAck (7fdf05ad7350)
2025-03-30 21:41:05,584 - telethon.network.mtprotosender - DEBUG - Encrypting 1 message(s) in 60 bytes for sending
2025-03-30 21:41:05,584 - telethon.network.mtprotosender - DEBUG - Encrypted messages put in a queue to be sent
2025-03-30 21:41:05,584 - telethon.network.mtprotosender - DEBUG - Waiting for messages to send...
2025-03-30 21:41:05,720 - telethon.network.mtprotosender - DEBUG - Handling container
2025-03-30 21:41:05,720 - telethon.network.mtprotosender - DEBUG - Handling gzipped data
2025-03-30 21:41:05,720 - telethon.network.mtprotosender - DEBUG - Handling update Updates
2025-03-30 21:41:05,721 - telethon.network.mtprotosender - DEBUG - Handling acknowledge for [7487689924245254124]
2025-03-30 21:41:05,721 - telethon.network.mtprotosender - DEBUG - Receiving items from the network...
2025-03-30 21:41:05,765 - telethon.network.mtprotosender - DEBUG - Handling RPC result for message 7487689924245254124
2025-03-30 21:41:05,766 - telethon.network.mtprotosender - DEBUG - Receiving items from the network...
2025-03-30 21:41:06,272 - telethon.extensions.messagepacker - DEBUG - Assigned msg_id = 7487689927299668520 to EditMessageRequest (7fdf05ad68a0)
2025-03-30 21:41:06,272 - telethon.network.mtprotosender - DEBUG - Encrypting 1 message(s) in 100 bytes for sending
2025-03-30 21:41:06,273 - telethon.network.mtprotosender - DEBUG - Encrypted messages put in a queue to be sent
2025-03-30 21:41:06,273 - telethon.network.mtprotosender - DEBUG - Waiting for messages to send...
2025-03-30 21:41:06,273 - telethon.extensions.messagepacker - DEBUG - Assigned msg_id = 7487689927305332392 to MsgsAck (7fdf056faa20)
2025-03-30 21:41:06,274 - telethon.network.mtprotosender - DEBUG - Encrypting 1 message(s) in 60 bytes for sending
2025-03-30 21:41:06,274 - telethon.network.mtprotosender - DEBUG - Encrypted messages put in a queue to be sent
2025-03-30 21:41:06,274 - telethon.network.mtprotosender - DEBUG - Waiting for messages to send...
2025-03-30 21:41:06,313 - telethon.network.mtprotosender - DEBUG - Handling container
2025-03-30 21:41:06,313 - telethon.network.mtprotosender - DEBUG - Handling gzipped data
2025-03-30 21:41:06,314 - telethon.network.mtprotosender - DEBUG - Handling update Updates
2025-03-30 21:41:06,314 - telethon.network.mtprotosender - DEBUG - Handling acknowledge for [7487689927299668520]
2025-03-30 21:41:06,314 - telethon.network.mtprotosender - DEBUG - Receiving items from the network...
2025-03-30 21:41:06,358 - telethon.network.mtprotosender - DEBUG - Handling RPC result for message 7487689927299668520
2025-03-30 21:41:06,359 - telethon.network.mtprotosender - DEBUG - Receiving items from the network...
2025-03-30 21:41:06,360 - aiosqlite - DEBUG - executing <function connect.<locals>.connector at 0x7fdf080c44a0>
2025-03-30 21:41:06,363 - aiosqlite - DEBUG - operation <function connect.<locals>.connector at 0x7fdf080c44a0> completed
2025-03-30 21:41:06,363 - aiosqlite - DEBUG - executing functools.partial(<built-in method execute of sqlite3.Connection object at 0x7fdf0576d7b0>, '\n            INSERT OR REPLACE INTO tos_acceptance (user_id, accepted)\n            VALUES (?, ?)\n        ', ('7560092266', True))
2025-03-30 21:41:06,369 - aiosqlite - DEBUG - operation functools.partial(<built-in method execute of sqlite3.Connection object at 0x7fdf0576d7b0>, '\n            INSERT OR REPLACE INTO tos_acceptance (user_id, accepted)\n            VALUES (?, ?)\n        ', ('7560092266', True)) completed
2025-03-30 21:41:06,370 - aiosqlite - DEBUG - executing functools.partial(<built-in method commit of sqlite3.Connection object at 0x7fdf0576d7b0>)
2025-03-30 21:41:06,381 - aiosqlite - DEBUG - operation functools.partial(<built-in method commit of sqlite3.Connection object at 0x7fdf0576d7b0>) completed
2025-03-30 21:41:06,381 - aiosqlite - DEBUG - executing functools.partial(<built-in method close of sqlite3.Connection object at 0x7fdf0576d7b0>)
2025-03-30 21:41:06,382 - aiosqlite - DEBUG - operation functools.partial(<built-in method close of sqlite3.Connection object at 0x7fdf0576d7b0>) completed
2025-03-30 21:41:06,383 - telethon.extensions.messagepacker - DEBUG - Assigned msg_id = 7487689927741826264 to DeleteMessagesRequest (7fdf069ce540)
2025-03-30 21:41:06,383 - telethon.network.mtprotosender - DEBUG - Encrypting 1 message(s) in 36 bytes for sending
2025-03-30 21:41:06,383 - telethon.network.mtprotosender - DEBUG - Encrypted messages put in a queue to be sent
2025-03-30 21:41:06,383 - telethon.network.mtprotosender - DEBUG - Waiting for messages to send...
2025-03-30 21:41:06,383 - telethon.extensions.messagepacker - DEBUG - Assigned msg_id = 7487689927745374888 to MsgsAck (7fdf0571bc80)
2025-03-30 21:41:06,384 - telethon.network.mtprotosender - DEBUG - Encrypting 1 message(s) in 60 bytes for sending
2025-03-30 21:41:06,384 - telethon.network.mtprotosender - DEBUG - Encrypted messages put in a queue to be sent
2025-03-30 21:41:06,384 - telethon.network.mtprotosender - DEBUG - Waiting for messages to send...
2025-03-30 21:41:06,409 - telethon.network.mtprotosender - DEBUG - Handling update Updates
2025-03-30 21:41:06,410 - telethon.network.mtprotosender - DEBUG - Receiving items from the network...
2025-03-30 21:41:06,452 - telethon.network.mtprotosender - DEBUG - Handling RPC result for message 7487689927741826264
2025-03-30 21:41:06,452 - telethon.network.mtprotosender - DEBUG - Receiving items from the network...
2025-03-30 21:41:06,453 - telethon.extensions.messagepacker - DEBUG - Assigned msg_id = 7487689928022555560 to SendMessageRequest (7fdf0571ade0)
2025-03-30 21:41:06,453 - telethon.network.mtprotosender - DEBUG - Encrypting 1 message(s) in 240 bytes for sending
2025-03-30 21:41:06,453 - telethon.network.mtprotosender - DEBUG - Encrypted messages put in a queue to be sent
2025-03-30 21:41:06,453 - telethon.network.mtprotosender - DEBUG - Waiting for messages to send...
2025-03-30 21:41:06,454 - telethon.extensions.messagepacker - DEBUG - Assigned msg_id = 7487689928026125160 to MsgsAck (7fdf069ce540)
2025-03-30 21:41:06,454 - telethon.network.mtprotosender - DEBUG - Encrypting 1 message(s) in 44 bytes for sending
2025-03-30 21:41:06,454 - telethon.network.mtprotosender - DEBUG - Encrypted messages put in a queue to be sent
2025-03-30 21:41:06,454 - telethon.network.mtprotosender - DEBUG - Waiting for messages to send...
2025-03-30 21:41:06,512 - telethon.network.mtprotosender - DEBUG - Handling container
2025-03-30 21:41:06,513 - telethon.network.mtprotosender - DEBUG - Handling gzipped data
2025-03-30 21:41:06,514 - telethon.network.mtprotosender - DEBUG - Handling update Updates
2025-03-30 21:41:06,514 - telethon.network.mtprotosender - DEBUG - Handling acknowledge for [7487689928022555560]
2025-03-30 21:41:06,514 - telethon.network.mtprotosender - DEBUG - Receiving items from the network...
2025-03-30 21:41:06,514 - __main__ - DEBUG - Message from 7604555402: ✅ با تشکر از پذیرش قوانین!
اکنون می‌توانید از ربات استفاده کنید.

🔄 برای شروع از /start استفاده کنید.
2025-03-30 21:41:06,515 - aiosqlite - DEBUG - executing <function connect.<locals>.connector at 0x7fdf78734220>
2025-03-30 21:41:06,518 - aiosqlite - DEBUG - operation <function connect.<locals>.connector at 0x7fdf78734220> completed
2025-03-30 21:41:06,518 - aiosqlite - DEBUG - executing functools.partial(<built-in method execute of sqlite3.Connection object at 0x7fdf0576d7b0>, 'SELECT step FROM registration_progress WHERE user_id = ?', ('7604555402',))
2025-03-30 21:41:06,521 - aiosqlite - DEBUG - operation functools.partial(<built-in method execute of sqlite3.Connection object at 0x7fdf0576d7b0>, 'SELECT step FROM registration_progress WHERE user_id = ?', ('7604555402',)) completed
2025-03-30 21:41:06,522 - aiosqlite - DEBUG - executing functools.partial(<built-in method fetchone of sqlite3.Cursor object at 0x7fdf04dbcfc0>)
2025-03-30 21:41:06,522 - aiosqlite - DEBUG - operation functools.partial(<built-in method fetchone of sqlite3.Cursor object at 0x7fdf04dbcfc0>) completed
2025-03-30 21:41:06,522 - aiosqlite - DEBUG - executing functools.partial(<built-in method close of sqlite3.Connection object at 0x7fdf0576d7b0>)
2025-03-30 21:41:06,523 - aiosqlite - DEBUG - operation functools.partial(<built-in method close of sqlite3.Connection object at 0x7fdf0576d7b0>) completed
2025-03-30 21:41:06,524 - telethon.extensions.messagepacker - DEBUG - Assigned msg_id = 7487689928308234424 to GetChannelsRequest (7fdf08167260)
2025-03-30 21:41:06,524 - telethon.network.mtprotosender - DEBUG - Encrypting 1 message(s) in 48 bytes for sending
2025-03-30 21:41:06,525 - telethon.network.mtprotosender - DEBUG - Encrypted messages put in a queue to be sent
2025-03-30 21:41:06,525 - telethon.network.mtprotosender - DEBUG - Waiting for messages to send...
2025-03-30 21:41:06,525 - telethon.extensions.messagepacker - DEBUG - Assigned msg_id = 7487689928312110156 to MsgsAck (7fdf0572d9d0)
2025-03-30 21:41:06,525 - telethon.network.mtprotosender - DEBUG - Encrypting 1 message(s) in 52 bytes for sending
2025-03-30 21:41:06,526 - telethon.network.mtprotosender - DEBUG - Encrypted messages put in a queue to be sent
2025-03-30 21:41:06,526 - telethon.network.mtprotosender - DEBUG - Waiting for messages to send...
2025-03-30 21:41:06,603 - telethon.network.mtprotosender - DEBUG - Handling RPC result for message 7487689928308234424
2025-03-30 21:41:06,604 - telethon.network.mtprotosender - DEBUG - Receiving items from the network...
2025-03-30 21:41:06,604 - telethon.network.mtprotosender - DEBUG - Handling RPC result for message 7487689928022555560
2025-03-30 21:41:06,604 - telethon.network.mtprotosender - DEBUG - Receiving items from the network...
2025-03-30 21:41:06,605 - telethon.extensions.messagepacker - DEBUG - Assigned msg_id = 7487689928630467624 to GetParticipantRequest (7fdf078e9190)
2025-03-30 21:41:06,605 - telethon.network.mtprotosender - DEBUG - Encrypting 1 message(s) in 60 bytes for sending
2025-03-30 21:41:06,605 - telethon.network.mtprotosender - DEBUG - Encrypted messages put in a queue to be sent
2025-03-30 21:41:06,605 - telethon.network.mtprotosender - DEBUG - Waiting for messages to send...
2025-03-30 21:41:06,606 - telethon.extensions.messagepacker - DEBUG - Assigned msg_id = 7487689928633815972 to MsgsAck (7fdf08167260)
2025-03-30 21:41:06,606 - telethon.network.mtprotosender - DEBUG - Encrypting 1 message(s) in 44 bytes for sending
2025-03-30 21:41:06,606 - __main__ - ERROR - Error handling keyboard input: 'NoneType' object has no attribute 'verification_code'
2025-03-30 21:41:06,607 - telethon.network.mtprotosender - DEBUG - Encrypted messages put in a queue to be sent
2025-03-30 21:41:06,607 - telethon.network.mtprotosender - DEBUG - Waiting for messages to send...
2025-03-30 21:41:06,700 - telethon.network.mtprotosender - DEBUG - Handling RPC result for message 7487689928630467624
2025-03-30 21:41:06,701 - telethon.network.mtprotosender - DEBUG - Receiving items from the network...
2025-03-30 21:41:11,729 - telethon.network.mtprotosender - DEBUG - Handling gzipped data
2025-03-30 21:41:11,730 - telethon.network.mtprotosender - DEBUG - Handling update Updates
2025-03-30 21:41:11,730 - telethon.network.mtprotosender - DEBUG - Receiving items from the network...
2025-03-30 21:41:11,731 - aiosqlite - DEBUG - executing <function connect.<locals>.connector at 0x7fdf080c4220>
2025-03-30 21:41:11,734 - aiosqlite - DEBUG - operation <function connect.<locals>.connector at 0x7fdf080c4220> completed
2025-03-30 21:41:11,734 - aiosqlite - DEBUG - executing functools.partial(<built-in method execute of sqlite3.Connection object at 0x7fdf0576e3e0>, 'DELETE FROM registration_progress WHERE user_id = ?', ('7560092266',))
2025-03-30 21:41:11,739 - aiosqlite - DEBUG - operation functools.partial(<built-in method execute of sqlite3.Connection object at 0x7fdf0576e3e0>, 'DELETE FROM registration_progress WHERE user_id = ?', ('7560092266',)) completed
2025-03-30 21:41:11,739 - aiosqlite - DEBUG - executing functools.partial(<built-in method commit of sqlite3.Connection object at 0x7fdf0576e3e0>)
2025-03-30 21:41:11,740 - aiosqlite - DEBUG - operation functools.partial(<built-in method commit of sqlite3.Connection object at 0x7fdf0576e3e0>) completed
2025-03-30 21:41:11,740 - aiosqlite - DEBUG - executing functools.partial(<built-in method close of sqlite3.Connection object at 0x7fdf0576e3e0>)
2025-03-30 21:41:11,741 - aiosqlite - DEBUG - operation functools.partial(<built-in method close of sqlite3.Connection object at 0x7fdf0576e3e0>) completed
2025-03-30 21:41:11,742 - telethon.client.updates - ERROR - Unhandled exception on start_handler
Traceback (most recent call last):
  File "/mnt/c/Users/mo/Desktop/self/db.py", line 481, in delete_registration_progress
    """Delete registration progress."""
            ^^^^^^
NameError: name 'logger' is not defined

During handling of the above exception, another exception occurred:

Traceback (most recent call last):
  File "/home/moh/myenv/lib/python3.12/site-packages/telethon/client/updates.py", line 570, in _dispatch_update
    await callback(event)
  File "/mnt/c/Users/mo/Desktop/self/bot.py", line 396, in start_handler
    await delete_registration_progress(user_id)
  File "/mnt/c/Users/mo/Desktop/self/db.py", line 483, in delete_registration_progress
    async with db_connection() as conn:
    ^^^^^^
NameError: name 'logger' is not defined
2025-03-30 21:41:11,745 - __main__ - DEBUG - Message from 7560092266: /start
2025-03-30 21:41:11,746 - aiosqlite - DEBUG - executing <function connect.<locals>.connector at 0x7fdf4dc60180>
2025-03-30 21:41:11,749 - aiosqlite - DEBUG - operation <function connect.<locals>.connector at 0x7fdf4dc60180> completed
2025-03-30 21:41:11,749 - aiosqlite - DEBUG - executing functools.partial(<built-in method execute of sqlite3.Connection object at 0x7fdf0576e3e0>, 'SELECT step FROM registration_progress WHERE user_id = ?', ('7560092266',))
2025-03-30 21:41:11,752 - aiosqlite - DEBUG - operation functools.partial(<built-in method execute of sqlite3.Connection object at 0x7fdf0576e3e0>, 'SELECT step FROM registration_progress WHERE user_id = ?', ('7560092266',)) completed
2025-03-30 21:41:11,752 - aiosqlite - DEBUG - executing functools.partial(<built-in method fetchone of sqlite3.Cursor object at 0x7fdf04dbd240>)
2025-03-30 21:41:11,752 - aiosqlite - DEBUG - operation functools.partial(<built-in method fetchone of sqlite3.Cursor object at 0x7fdf04dbd240>) completed
2025-03-30 21:41:11,753 - aiosqlite - DEBUG - executing functools.partial(<built-in method close of sqlite3.Connection object at 0x7fdf0576e3e0>)
2025-03-30 21:41:11,753 - aiosqlite - DEBUG - operation functools.partial(<built-in method close of sqlite3.Connection object at 0x7fdf0576e3e0>) completed
2025-03-30 21:41:11,754 - telethon.extensions.messagepacker - DEBUG - Assigned msg_id = 7487689950702220300 to GetChannelsRequest (7fdf092888f0)
2025-03-30 21:41:11,754 - telethon.network.mtprotosender - DEBUG - Encrypting 1 message(s) in 48 bytes for sending
2025-03-30 21:41:11,754 - telethon.network.mtprotosender - DEBUG - Encrypted messages put in a queue to be sent
2025-03-30 21:41:11,755 - telethon.network.mtprotosender - DEBUG - Waiting for messages to send...
2025-03-30 21:41:11,755 - telethon.extensions.messagepacker - DEBUG - Assigned msg_id = 7487689950705858568 to MsgsAck (7fdf0572d940)
2025-03-30 21:41:11,755 - telethon.network.mtprotosender - DEBUG - Encrypting 1 message(s) in 44 bytes for sending
2025-03-30 21:41:11,755 - telethon.network.mtprotosender - DEBUG - Encrypted messages put in a queue to be sent
2025-03-30 21:41:11,756 - telethon.network.mtprotosender - DEBUG - Waiting for messages to send...
2025-03-30 21:41:11,809 - telethon.network.mtprotosender - DEBUG - Handling RPC result for message 7487689950702220300
2025-03-30 21:41:11,809 - telethon.network.mtprotosender - DEBUG - Receiving items from the network...
2025-03-30 21:41:11,810 - telethon.extensions.messagepacker - DEBUG - Assigned msg_id = 7487689950925627092 to GetParticipantRequest (7fdf05ad7d70)
2025-03-30 21:41:11,810 - telethon.network.mtprotosender - DEBUG - Encrypting 1 message(s) in 60 bytes for sending
2025-03-30 21:41:11,810 - telethon.network.mtprotosender - DEBUG - Encrypted messages put in a queue to be sent
2025-03-30 21:41:11,810 - telethon.network.mtprotosender - DEBUG - Waiting for messages to send...
2025-03-30 21:41:11,811 - telethon.extensions.messagepacker - DEBUG - Assigned msg_id = 7487689950929304460 to MsgsAck (7fdf0571ab70)
2025-03-30 21:41:11,811 - telethon.network.mtprotosender - DEBUG - Encrypting 1 message(s) in 36 bytes for sending
2025-03-30 21:41:11,811 - telethon.network.mtprotosender - DEBUG - Encrypted messages put in a queue to be sent
2025-03-30 21:41:11,811 - telethon.network.mtprotosender - DEBUG - Waiting for messages to send...
2025-03-30 21:41:11,863 - telethon.network.mtprotosender - DEBUG - Handling RPC result for message 7487689950925627092
2025-03-30 21:41:11,864 - telethon.network.mtprotosender - DEBUG - Receiving items from the network...
2025-03-30 21:41:11,972 - telethon.network.mtprotosender - DEBUG - Handling gzipped data
2025-03-30 21:41:11,972 - telethon.network.mtprotosender - DEBUG - Handling update Updates
2025-03-30 21:41:11,973 - telethon.network.mtprotosender - DEBUG - Receiving items from the network...
2025-03-30 21:41:11,973 - __main__ - DEBUG - Message from 7604555402: 🌟 **به ربات سلف ساز | Self Saz خوش آمدید!** 🌟

این ربات به شما کمک می‌کند تا به راحتی اکانت تلگرام خود را مدیریت و سلف‌سازی کنید.

📱 **امکانات اصلی سلف ساز**:
• مدیریت حرفه‌ای حساب کاربری
• ساخت سلف‌های امن و سریع
• امنیت بالا با رمزنگاری پیشرفته
• پشتیبانی ۲۴ ساعته

🔐 **امنیت و حریم خصوصی در سلف ساز**:
تمامی اطلاعات شما با بالاترین استانداردهای امنیتی محافظت می‌شوند.

برای شروع، لطفاً یکی از گزینه‌های زیر را انتخاب کنید:
2025-03-30 21:41:11,974 - aiosqlite - DEBUG - executing <function connect.<locals>.connector at 0x7fdf080c4220>
2025-03-30 21:41:11,977 - aiosqlite - DEBUG - operation <function connect.<locals>.connector at 0x7fdf080c4220> completed
2025-03-30 21:41:11,977 - aiosqlite - DEBUG - executing functools.partial(<built-in method execute of sqlite3.Connection object at 0x7fdf0576d7b0>, 'SELECT step FROM registration_progress WHERE user_id = ?', ('7604555402',))
2025-03-30 21:41:11,980 - aiosqlite - DEBUG - operation functools.partial(<built-in method execute of sqlite3.Connection object at 0x7fdf0576d7b0>, 'SELECT step FROM registration_progress WHERE user_id = ?', ('7604555402',)) completed
2025-03-30 21:41:11,980 - aiosqlite - DEBUG - executing functools.partial(<built-in method fetchone of sqlite3.Cursor object at 0x7fdf04dbd340>)
2025-03-30 21:41:11,980 - aiosqlite - DEBUG - operation functools.partial(<built-in method fetchone of sqlite3.Cursor object at 0x7fdf04dbd340>) completed
2025-03-30 21:41:11,981 - aiosqlite - DEBUG - executing functools.partial(<built-in method close of sqlite3.Connection object at 0x7fdf0576d7b0>)
2025-03-30 21:41:11,981 - aiosqlite - DEBUG - operation functools.partial(<built-in method close of sqlite3.Connection object at 0x7fdf0576d7b0>) completed
2025-03-30 21:41:11,982 - telethon.extensions.messagepacker - DEBUG - Assigned msg_id = 7487689951613529544 to GetChannelsRequest (7fdf0571aff0)
2025-03-30 21:41:11,982 - telethon.network.mtprotosender - DEBUG - Encrypting 1 message(s) in 48 bytes for sending
2025-03-30 21:41:11,982 - telethon.network.mtprotosender - DEBUG - Encrypted messages put in a queue to be sent
2025-03-30 21:41:11,983 - telethon.network.mtprotosender - DEBUG - Waiting for messages to send...
2025-03-30 21:41:11,983 - telethon.extensions.messagepacker - DEBUG - Assigned msg_id = 7487689951618487696 to MsgsAck (7fdf078e9190)
2025-03-30 21:41:11,983 - telethon.network.mtprotosender - DEBUG - Encrypting 1 message(s) in 44 bytes for sending
2025-03-30 21:41:11,984 - telethon.network.mtprotosender - DEBUG - Encrypted messages put in a queue to be sent
2025-03-30 21:41:11,984 - telethon.network.mtprotosender - DEBUG - Waiting for messages to send...
2025-03-30 21:41:12,051 - telethon.network.mtprotosender - DEBUG - Handling RPC result for message 7487689951613529544
2025-03-30 21:41:12,052 - telethon.network.mtprotosender - DEBUG - Receiving items from the network...
2025-03-30 21:41:12,053 - telethon.extensions.messagepacker - DEBUG - Assigned msg_id = 7487689952192517264 to GetParticipantRequest (7fdf0571bbf0)
2025-03-30 21:41:12,053 - telethon.network.mtprotosender - DEBUG - Encrypting 1 message(s) in 60 bytes for sending
2025-03-30 21:41:12,053 - telethon.network.mtprotosender - DEBUG - Encrypted messages put in a queue to be sent
2025-03-30 21:41:12,054 - telethon.network.mtprotosender - DEBUG - Waiting for messages to send...
2025-03-30 21:41:12,054 - telethon.extensions.messagepacker - DEBUG - Assigned msg_id = 7487689952196582776 to MsgsAck (7fdf092888f0)
2025-03-30 21:41:12,054 - telethon.network.mtprotosender - DEBUG - Encrypting 1 message(s) in 36 bytes for sending
2025-03-30 21:41:12,054 - telethon.network.mtprotosender - DEBUG - Encrypted messages put in a queue to be sent
2025-03-30 21:41:12,055 - telethon.network.mtprotosender - DEBUG - Waiting for messages to send...
2025-03-30 21:41:12,373 - telethon.network.mtprotosender - DEBUG - Handling RPC result for message 7487689952192517264
2025-03-30 21:41:12,374 - telethon.network.mtprotosender - DEBUG - Receiving items from the network...
2025-03-30 21:41:17,775 - telethon.network.mtprotosender - DEBUG - Handling update UpdateShort
2025-03-30 21:41:17,776 - telethon.network.mtprotosender - DEBUG - Receiving items from the network...
2025-03-30 21:41:26,055 - telethon.network.mtprotosender - DEBUG - Handling update Updates
2025-03-30 21:41:26,056 - telethon.network.mtprotosender - DEBUG - Receiving items from the network...
2025-03-30 21:41:26,057 - __main__ - INFO - Starting registration for user 7560092266
2025-03-30 21:41:26,057 - aiosqlite - DEBUG - executing <function connect.<locals>.connector at 0x7fdf080c4720>
2025-03-30 21:41:26,059 - aiosqlite - DEBUG - operation <function connect.<locals>.connector at 0x7fdf080c4720> completed
2025-03-30 21:41:26,060 - aiosqlite - DEBUG - executing functools.partial(<built-in method execute of sqlite3.Connection object at 0x7fdf0576d7b0>, 'DELETE FROM registration_progress WHERE user_id = ?', ('7560092266',))
2025-03-30 21:41:26,065 - aiosqlite - DEBUG - operation functools.partial(<built-in method execute of sqlite3.Connection object at 0x7fdf0576d7b0>, 'DELETE FROM registration_progress WHERE user_id = ?', ('7560092266',)) completed
2025-03-30 21:41:26,065 - aiosqlite - DEBUG - executing functools.partial(<built-in method commit of sqlite3.Connection object at 0x7fdf0576d7b0>)
2025-03-30 21:41:26,066 - aiosqlite - DEBUG - operation functools.partial(<built-in method commit of sqlite3.Connection object at 0x7fdf0576d7b0>) completed
2025-03-30 21:41:26,067 - aiosqlite - DEBUG - executing functools.partial(<built-in method close of sqlite3.Connection object at 0x7fdf0576d7b0>)
2025-03-30 21:41:26,067 - aiosqlite - DEBUG - operation functools.partial(<built-in method close of sqlite3.Connection object at 0x7fdf0576d7b0>) completed
2025-03-30 21:41:26,068 - __main__ - ERROR - Error in registration: name 'logger' is not defined
2025-03-30 21:41:26,068 - telethon.extensions.messagepacker - DEBUG - Assigned msg_id = 7487690012384841696 to SendMessageRequest (7fdf05719df0)
2025-03-30 21:41:26,069 - telethon.extensions.messagepacker - DEBUG - Assigned msg_id = 7487690012385891692 to SetBotCallbackAnswerRequest (7fdf073601d0)
2025-03-30 21:41:26,069 - telethon.network.mtprotosender - DEBUG - Encrypting 2 message(s) in 528 bytes for sending
2025-03-30 21:41:26,069 - telethon.network.mtprotosender - DEBUG - Encrypted messages put in a queue to be sent
2025-03-30 21:41:26,070 - telethon.network.mtprotosender - DEBUG - Waiting for messages to send...
2025-03-30 21:41:26,070 - telethon.extensions.messagepacker - DEBUG - Assigned msg_id = 7487690012390951884 to MsgsAck (7fdf0571bda0)
2025-03-30 21:41:26,070 - telethon.network.mtprotosender - DEBUG - Encrypting 1 message(s) in 52 bytes for sending
2025-03-30 21:41:26,071 - telethon.network.mtprotosender - DEBUG - Encrypted messages put in a queue to be sent
2025-03-30 21:41:26,071 - telethon.network.mtprotosender - DEBUG - Waiting for messages to send...
2025-03-30 21:41:26,122 - telethon.network.mtprotosender - DEBUG - Handling container
2025-03-30 21:41:26,122 - telethon.network.mtprotosender - DEBUG - Handling RPC result for message 7487690012385891692
2025-03-30 21:41:26,122 - telethon.network.mtprotosender - DEBUG - Handling acknowledge for [7487690012384841696]
2025-03-30 21:41:26,122 - telethon.network.mtprotosender - DEBUG - Receiving items from the network...
2025-03-30 21:41:26,139 - telethon.network.mtprotosender - DEBUG - Handling RPC result for message 7487690012384841696
2025-03-30 21:41:26,139 - telethon.network.mtprotosender - DEBUG - Receiving items from the network...
2025-03-30 21:41:26,140 - __main__ - ERROR - Error handling keyboard input: 'NoneType' object has no attribute 'verification_code'
2025-03-30 21:41:26,178 - telethon.network.mtprotosender - DEBUG - Handling gzipped data
2025-03-30 21:41:26,179 - telethon.network.mtprotosender - DEBUG - Handling update Updates
2025-03-30 21:41:26,179 - telethon.network.mtprotosender - DEBUG - Receiving items from the network...
2025-03-30 21:41:26,180 - __main__ - DEBUG - Message from 7604555402: 📝 **مراحل ثبت نام در سلف ساز** (مرحله 1/3)


1. دریافت API ID ⏳
2. دریافت API Hash ⭕️
3. تأیید شماره تلفن ⭕️


⚡️ مرحله فعلی: وارد کردن API ID


🔑 لطفاً API ID خود را وارد کنید:
🌐 دریافت از: https://my.telegram.org
2025-03-30 21:41:26,181 - aiosqlite - DEBUG - executing <function connect.<locals>.connector at 0x7fdf080c4720>
2025-03-30 21:41:26,183 - aiosqlite - DEBUG - operation <function connect.<locals>.connector at 0x7fdf080c4720> completed
2025-03-30 21:41:26,184 - aiosqlite - DEBUG - executing functools.partial(<built-in method execute of sqlite3.Connection object at 0x7fdf0576e3e0>, 'SELECT step FROM registration_progress WHERE user_id = ?', ('7604555402',))
2025-03-30 21:41:26,186 - aiosqlite - DEBUG - operation functools.partial(<built-in method execute of sqlite3.Connection object at 0x7fdf0576e3e0>, 'SELECT step FROM registration_progress WHERE user_id = ?', ('7604555402',)) completed
2025-03-30 21:41:26,187 - aiosqlite - DEBUG - executing functools.partial(<built-in method fetchone of sqlite3.Cursor object at 0x7fdf04dbd440>)
2025-03-30 21:41:26,187 - aiosqlite - DEBUG - operation functools.partial(<built-in method fetchone of sqlite3.Cursor object at 0x7fdf04dbd440>) completed
2025-03-30 21:41:26,187 - aiosqlite - DEBUG - executing functools.partial(<built-in method close of sqlite3.Connection object at 0x7fdf0576e3e0>)
2025-03-30 21:41:26,188 - aiosqlite - DEBUG - operation functools.partial(<built-in method close of sqlite3.Connection object at 0x7fdf0576e3e0>) completed
2025-03-30 21:41:26,189 - telethon.extensions.messagepacker - DEBUG - Assigned msg_id = 7487690012865358128 to GetChannelsRequest (7fdf0571aa80)
2025-03-30 21:41:26,189 - telethon.network.mtprotosender - DEBUG - Encrypting 1 message(s) in 48 bytes for sending
2025-03-30 21:41:26,189 - telethon.network.mtprotosender - DEBUG - Encrypted messages put in a queue to be sent
2025-03-30 21:41:26,189 - telethon.network.mtprotosender - DEBUG - Waiting for messages to send...
2025-03-30 21:41:26,190 - telethon.extensions.messagepacker - DEBUG - Assigned msg_id = 7487690012869094624 to MsgsAck (7fdf0572d550)
2025-03-30 21:41:26,190 - telethon.network.mtprotosender - DEBUG - Encrypting 1 message(s) in 68 bytes for sending
2025-03-30 21:41:26,190 - telethon.network.mtprotosender - DEBUG - Encrypted messages put in a queue to be sent
2025-03-30 21:41:26,190 - telethon.network.mtprotosender - DEBUG - Waiting for messages to send...
2025-03-30 21:41:26,254 - telethon.network.mtprotosender - DEBUG - Handling RPC result for message 7487690012865358128
2025-03-30 21:41:26,254 - telethon.network.mtprotosender - DEBUG - Receiving items from the network...
2025-03-30 21:41:26,255 - telethon.extensions.messagepacker - DEBUG - Assigned msg_id = 7487690013130001796 to GetParticipantRequest (7fdf0571be60)
2025-03-30 21:41:26,255 - telethon.network.mtprotosender - DEBUG - Encrypting 1 message(s) in 60 bytes for sending
2025-03-30 21:41:26,255 - telethon.network.mtprotosender - DEBUG - Encrypted messages put in a queue to be sent
2025-03-30 21:41:26,255 - telethon.network.mtprotosender - DEBUG - Waiting for messages to send...
2025-03-30 21:41:26,256 - telethon.extensions.messagepacker - DEBUG - Assigned msg_id = 7487690013134167448 to MsgsAck (7fdf0571aa80)
2025-03-30 21:41:26,256 - telethon.network.mtprotosender - DEBUG - Encrypting 1 message(s) in 36 bytes for sending
2025-03-30 21:41:26,256 - telethon.network.mtprotosender - DEBUG - Encrypted messages put in a queue to be sent
2025-03-30 21:41:26,257 - telethon.network.mtprotosender - DEBUG - Waiting for messages to send...
2025-03-30 21:41:26,317 - telethon.network.mtprotosender - DEBUG - Handling RPC result for message 7487690013130001796
2025-03-30 21:41:26,318 - telethon.network.mtprotosender - DEBUG - Receiving items from the network...
2025-03-30 21:41:33,597 - telethon.network.mtprotosender - DEBUG - Handling update Updates
2025-03-30 21:41:33,597 - telethon.network.mtprotosender - DEBUG - Receiving items from the network...
2025-03-30 21:41:33,598 - __main__ - INFO - Starting registration for user 7560092266
2025-03-30 21:41:33,598 - aiosqlite - DEBUG - executing <function connect.<locals>.connector at 0x7fdf080c7880>
2025-03-30 21:41:33,601 - aiosqlite - DEBUG - operation <function connect.<locals>.connector at 0x7fdf080c7880> completed
2025-03-30 21:41:33,601 - aiosqlite - DEBUG - executing functools.partial(<built-in method execute of sqlite3.Connection object at 0x7fdf0576e3e0>, 'DELETE FROM registration_progress WHERE user_id = ?', ('7560092266',))
2025-03-30 21:41:33,655 - aiosqlite - DEBUG - operation functools.partial(<built-in method execute of sqlite3.Connection object at 0x7fdf0576e3e0>, 'DELETE FROM registration_progress WHERE user_id = ?', ('7560092266',)) completed
2025-03-30 21:41:33,656 - aiosqlite - DEBUG - executing functools.partial(<built-in method commit of sqlite3.Connection object at 0x7fdf0576e3e0>)
2025-03-30 21:41:33,667 - aiosqlite - DEBUG - operation functools.partial(<built-in method commit of sqlite3.Connection object at 0x7fdf0576e3e0>) completed
2025-03-30 21:41:33,667 - aiosqlite - DEBUG - executing functools.partial(<built-in method close of sqlite3.Connection object at 0x7fdf0576e3e0>)
2025-03-30 21:41:33,668 - aiosqlite - DEBUG - operation functools.partial(<built-in method close of sqlite3.Connection object at 0x7fdf0576e3e0>) completed
2025-03-30 21:41:33,669 - __main__ - ERROR - Error in registration: name 'logger' is not defined
2025-03-30 21:41:33,669 - telethon.extensions.messagepacker - DEBUG - Assigned msg_id = 7487690044852385672 to SendMessageRequest (7fdf073601d0)
2025-03-30 21:41:33,669 - telethon.extensions.messagepacker - DEBUG - Assigned msg_id = 7487690044853241116 to SetBotCallbackAnswerRequest (7fdf05ad7350)
2025-03-30 21:41:33,670 - telethon.network.mtprotosender - DEBUG - Encrypting 2 message(s) in 528 bytes for sending
2025-03-30 21:41:33,670 - telethon.network.mtprotosender - DEBUG - Encrypted messages put in a queue to be sent
2025-03-30 21:41:33,670 - telethon.network.mtprotosender - DEBUG - Waiting for messages to send...
2025-03-30 21:41:33,670 - telethon.extensions.messagepacker - DEBUG - Assigned msg_id = 7487690044856905132 to MsgsAck (7fdf05719cd0)
2025-03-30 21:41:33,670 - telethon.network.mtprotosender - DEBUG - Encrypting 1 message(s) in 44 bytes for sending
2025-03-30 21:41:33,671 - telethon.network.mtprotosender - DEBUG - Encrypted messages put in a queue to be sent
2025-03-30 21:41:33,671 - telethon.network.mtprotosender - DEBUG - Waiting for messages to send...
2025-03-30 21:41:33,782 - telethon.network.mtprotosender - DEBUG - Handling container
2025-03-30 21:41:33,782 - telethon.network.mtprotosender - DEBUG - Handling gzipped data
2025-03-30 21:41:33,783 - telethon.network.mtprotosender - DEBUG - Handling update Updates
2025-03-30 21:41:33,783 - telethon.network.mtprotosender - DEBUG - Handling acknowledge for [7487690044852385672, 7487690044853241116]
2025-03-30 21:41:33,783 - telethon.network.mtprotosender - DEBUG - Receiving items from the network...
2025-03-30 21:41:33,784 - __main__ - DEBUG - Message from 7604555402: 📝 **مراحل ثبت نام در سلف ساز** (مرحله 1/3)


1. دریافت API ID ⏳
2. دریافت API Hash ⭕️
3. تأیید شماره تلفن ⭕️


⚡️ مرحله فعلی: وارد کردن API ID


🔑 لطفاً API ID خود را وارد کنید:
🌐 دریافت از: https://my.telegram.org
2025-03-30 21:41:33,784 - aiosqlite - DEBUG - executing <function connect.<locals>.connector at 0x7fdf080c4720>
2025-03-30 21:41:33,788 - aiosqlite - DEBUG - operation <function connect.<locals>.connector at 0x7fdf080c4720> completed
2025-03-30 21:41:33,788 - aiosqlite - DEBUG - executing functools.partial(<built-in method execute of sqlite3.Connection object at 0x7fdf0576e2f0>, 'SELECT step FROM registration_progress WHERE user_id = ?', ('7604555402',))
2025-03-30 21:41:33,791 - aiosqlite - DEBUG - operation functools.partial(<built-in method execute of sqlite3.Connection object at 0x7fdf0576e2f0>, 'SELECT step FROM registration_progress WHERE user_id = ?', ('7604555402',)) completed
2025-03-30 21:41:33,792 - aiosqlite - DEBUG - executing functools.partial(<built-in method fetchone of sqlite3.Cursor object at 0x7fdf04dbd6c0>)
2025-03-30 21:41:33,792 - aiosqlite - DEBUG - operation functools.partial(<built-in method fetchone of sqlite3.Cursor object at 0x7fdf04dbd6c0>) completed
2025-03-30 21:41:33,792 - aiosqlite - DEBUG - executing functools.partial(<built-in method close of sqlite3.Connection object at 0x7fdf0576e2f0>)
2025-03-30 21:41:33,793 - aiosqlite - DEBUG - operation functools.partial(<built-in method close of sqlite3.Connection object at 0x7fdf0576e2f0>) completed
2025-03-30 21:41:33,794 - telethon.extensions.messagepacker - DEBUG - Assigned msg_id = 7487690045350917964 to GetChannelsRequest (7fdf0655fbf0)
2025-03-30 21:41:33,794 - telethon.network.mtprotosender - DEBUG - Encrypting 1 message(s) in 48 bytes for sending
2025-03-30 21:41:33,795 - telethon.network.mtprotosender - DEBUG - Encrypted messages put in a queue to be sent
2025-03-30 21:41:33,795 - telethon.network.mtprotosender - DEBUG - Waiting for messages to send...
2025-03-30 21:41:33,795 - telethon.extensions.messagepacker - DEBUG - Assigned msg_id = 7487690045356011540 to MsgsAck (7fdf0572e2a0)
2025-03-30 21:41:33,795 - telethon.network.mtprotosender - DEBUG - Encrypting 1 message(s) in 52 bytes for sending
2025-03-30 21:41:33,796 - telethon.network.mtprotosender - DEBUG - Encrypted messages put in a queue to be sent
2025-03-30 21:41:33,796 - telethon.network.mtprotosender - DEBUG - Waiting for messages to send...
2025-03-30 21:41:33,819 - telethon.network.mtprotosender - DEBUG - Handling RPC result for message 7487690044853241116
2025-03-30 21:41:33,819 - telethon.network.mtprotosender - DEBUG - Receiving items from the network...
2025-03-30 21:41:33,830 - telethon.network.mtprotosender - DEBUG - Handling RPC result for message 7487690044852385672
2025-03-30 21:41:33,830 - telethon.network.mtprotosender - DEBUG - Receiving items from the network...
2025-03-30 21:41:33,831 - __main__ - ERROR - Error handling keyboard input: 'NoneType' object has no attribute 'verification_code'
2025-03-30 21:41:33,968 - telethon.network.mtprotosender - DEBUG - Handling RPC result for message 7487690045350917964
2025-03-30 21:41:33,968 - telethon.network.mtprotosender - DEBUG - Receiving items from the network...
2025-03-30 21:41:33,969 - telethon.extensions.messagepacker - DEBUG - Assigned msg_id = 7487690046051188620 to GetParticipantRequest (7fdf05ad7350)
2025-03-30 21:41:33,969 - telethon.network.mtprotosender - DEBUG - Encrypting 1 message(s) in 60 bytes for sending
2025-03-30 21:41:33,969 - telethon.network.mtprotosender - DEBUG - Encrypted messages put in a queue to be sent
2025-03-30 21:41:33,970 - telethon.network.mtprotosender - DEBUG - Waiting for messages to send...
2025-03-30 21:41:33,970 - telethon.extensions.messagepacker - DEBUG - Assigned msg_id = 7487690046054552228 to MsgsAck (7fdf057192b0)
2025-03-30 21:41:33,970 - telethon.network.mtprotosender - DEBUG - Encrypting 1 message(s) in 52 bytes for sending
2025-03-30 21:41:33,970 - telethon.network.mtprotosender - DEBUG - Encrypted messages put in a queue to be sent
2025-03-30 21:41:33,970 - telethon.network.mtprotosender - DEBUG - Waiting for messages to send...
2025-03-30 21:41:34,112 - telethon.network.mtprotosender - DEBUG - Handling RPC result for message 7487690046051188620
2025-03-30 21:41:34,113 - telethon.network.mtprotosender - DEBUG - Receiving items from the network...
2025-03-30 21:41:38,111 - telethon.network.mtprotosender - DEBUG - Handling gzipped data
2025-03-30 21:41:38,112 - telethon.network.mtprotosender - DEBUG - Handling update Updates
2025-03-30 21:41:38,112 - telethon.network.mtprotosender - DEBUG - Receiving items from the network...
2025-03-30 21:41:38,113 - __main__ - DEBUG - Message from 7560092266: /register
2025-03-30 21:41:38,114 - aiosqlite - DEBUG - executing <function connect.<locals>.connector at 0x7fdf080c6200>
2025-03-30 21:41:38,117 - aiosqlite - DEBUG - operation <function connect.<locals>.connector at 0x7fdf080c6200> completed
2025-03-30 21:41:38,118 - aiosqlite - DEBUG - executing functools.partial(<built-in method execute of sqlite3.Connection object at 0x7fdf0576f6a0>, 'SELECT step FROM registration_progress WHERE user_id = ?', ('7560092266',))
2025-03-30 21:41:38,121 - aiosqlite - DEBUG - operation functools.partial(<built-in method execute of sqlite3.Connection object at 0x7fdf0576f6a0>, 'SELECT step FROM registration_progress WHERE user_id = ?', ('7560092266',)) completed
2025-03-30 21:41:38,122 - aiosqlite - DEBUG - executing functools.partial(<built-in method fetchone of sqlite3.Cursor object at 0x7fdf04dbd840>)
2025-03-30 21:41:38,122 - aiosqlite - DEBUG - operation functools.partial(<built-in method fetchone of sqlite3.Cursor object at 0x7fdf04dbd840>) completed
2025-03-30 21:41:38,122 - aiosqlite - DEBUG - executing functools.partial(<built-in method close of sqlite3.Connection object at 0x7fdf0576f6a0>)
2025-03-30 21:41:38,123 - aiosqlite - DEBUG - operation functools.partial(<built-in method close of sqlite3.Connection object at 0x7fdf0576f6a0>) completed
2025-03-30 21:41:38,124 - telethon.extensions.messagepacker - DEBUG - Assigned msg_id = 7487690064145866672 to GetChannelsRequest (7fdf069ce540)
2025-03-30 21:41:38,124 - telethon.network.mtprotosender - DEBUG - Encrypting 1 message(s) in 48 bytes for sending
2025-03-30 21:41:38,124 - telethon.network.mtprotosender - DEBUG - Encrypted messages put in a queue to be sent
2025-03-30 21:41:38,125 - telethon.network.mtprotosender - DEBUG - Waiting for messages to send...
2025-03-30 21:41:38,125 - telethon.extensions.messagepacker - DEBUG - Assigned msg_id = 7487690064150877280 to MsgsAck (7fdf08167260)
2025-03-30 21:41:38,125 - telethon.network.mtprotosender - DEBUG - Encrypting 1 message(s) in 44 bytes for sending
2025-03-30 21:41:38,126 - telethon.network.mtprotosender - DEBUG - Encrypted messages put in a queue to be sent
2025-03-30 21:41:38,126 - telethon.network.mtprotosender - DEBUG - Waiting for messages to send...
2025-03-30 21:41:38,327 - telethon.network.mtprotosender - DEBUG - Handling RPC result for message 7487690064145866672
2025-03-30 21:41:38,328 - telethon.network.mtprotosender - DEBUG - Receiving items from the network...
2025-03-30 21:41:38,329 - telethon.extensions.messagepacker - DEBUG - Assigned msg_id = 7487690064967140476 to GetParticipantRequest (7fdf0571be60)
2025-03-30 21:41:38,329 - telethon.network.mtprotosender - DEBUG - Encrypting 1 message(s) in 60 bytes for sending
2025-03-30 21:41:38,330 - telethon.network.mtprotosender - DEBUG - Encrypted messages put in a queue to be sent
2025-03-30 21:41:38,330 - telethon.network.mtprotosender - DEBUG - Waiting for messages to send...
2025-03-30 21:41:38,330 - telethon.extensions.messagepacker - DEBUG - Assigned msg_id = 7487690064971527380 to MsgsAck (7fdf069ce540)
2025-03-30 21:41:38,330 - telethon.network.mtprotosender - DEBUG - Encrypting 1 message(s) in 36 bytes for sending
2025-03-30 21:41:38,331 - telethon.network.mtprotosender - DEBUG - Encrypted messages put in a queue to be sent
2025-03-30 21:41:38,331 - telethon.network.mtprotosender - DEBUG - Waiting for messages to send...
2025-03-30 21:41:38,432 - telethon.network.mtprotosender - DEBUG - Handling RPC result for message 7487690064967140476
2025-03-30 21:41:38,432 - telethon.network.mtprotosender - DEBUG - Receiving items from the network...
2025-03-30 21:41:46,637 - telethon.network.mtprotosender - DEBUG - Handling update UpdateShort
2025-03-30 21:41:46,637 - telethon.network.mtprotosender - DEBUG - Receiving items from the network...
